Split,Eval Mode,Model,n_early,Features,R²,MAE,RMSE,MAPE,Cell R²,Train (s),Predict (s),n_train,n_test
combined_80_20,combined,LightGBM,3,top3,0.7919232918254541,0.04152500005448152,0.06448526549515618,6.0272864838150655,0.7756883894626134,9.93,1.1787,217,55
combined_80_20,combined,XGBoost,3,top3,0.813505504151162,0.03951191709270597,0.06104945162641682,5.731151713128175,0.8005449247972599,4.82,1.1094,217,55
combined_80_20,combined,GradBoost,3,top3,0.8256142990876776,0.037788942488763126,0.05903426949764938,5.5436391586678635,0.8165500904991011,112.49,0.7921,217,55
combined_80_20,combined,LightGBM,3,top5,0.9033233424579824,0.027810981583473036,0.04395513025580536,4.159583957277522,0.8912758112414724,10.96,1.2012,217,55
combined_80_20,combined,XGBoost,3,top5,0.8899260387752693,0.03057706206284779,0.046901966892130414,4.561493365415837,0.8775424269353385,6.4,1.1982,217,55
combined_80_20,combined,GradBoost,3,top5,0.903629557054892,0.027159462693121993,0.0438854630897738,4.0702651245529715,0.8885895690991649,133.67,0.8039,217,55
combined_80_20,combined,LightGBM,3,top10,0.899599586890567,0.027974641691603887,0.044793655729131944,4.204341408411092,0.8929991845902084,13.42,1.1616,217,55
combined_80_20,combined,XGBoost,3,top10,0.8896039012160273,0.029089739054086912,0.04697054735779363,4.376185908028653,0.8823796190774859,8.5,1.1366,217,55
combined_80_20,combined,GradBoost,3,top10,0.8941827295813007,0.029014316141303623,0.045986148268697895,4.388415055795496,0.8861424246725713,170.16,0.8543,217,55
combined_80_20,combined,LightGBM,3,top20,0.8892816871349558,0.030197491948890248,0.047039044092077,4.471316796258689,0.8789154559522673,17.02,1.1655,217,55
combined_80_20,combined,XGBoost,3,top20,0.8830584298426507,0.03120437623426195,0.0483429577652475,4.611091016884378,0.8710200499132659,12.9,1.1629,217,55
combined_80_20,combined,GradBoost,3,top20,0.8895192161462057,0.030109118136120723,0.04698855950492835,4.47849116406713,0.8816502548956392,247.68,0.8099,217,55
combined_80_20,combined,LightGBM,3,all,0.876732791793317,0.03267621941884833,0.04963322989742504,4.793265909573448,0.8643260465424331,29.41,1.4339,217,55
combined_80_20,combined,XGBoost,3,all,0.8759077539411118,0.03243724126300864,0.04979905259700605,4.746626980722341,0.8626001095832376,24.68,1.1159,217,55
combined_80_20,combined,GradBoost,3,all,0.8847091696656672,0.03067065640356773,0.04800054202055984,4.586959497863702,0.8745971918220203,369.47,0.9882,217,55
combined_80_20,combined,LightGBM,5,top3,0.790835144656673,0.041640037202770215,0.06458531194486453,6.044664994480675,0.7733010651299068,10.03,1.2348,217,55
combined_80_20,combined,XGBoost,5,top3,0.8125301216629511,0.03962083857174559,0.06114418393644138,5.747620929294679,0.7984357971963539,5.18,1.1399,217,55
combined_80_20,combined,GradBoost,5,top3,0.8247032496633951,0.03789468599526153,0.05912570563569918,5.559745130139582,0.8145369438722079,114.21,1.1249,217,55
combined_80_20,combined,LightGBM,5,top5,0.9002076016350736,0.02820051327114623,0.044610607194951385,4.225845318960561,0.8864017416668524,12.37,1.3431,217,55
combined_80_20,combined,XGBoost,5,top5,0.8928992416633242,0.030429516259903065,0.04621528943095434,4.527003626218876,0.8763122589149066,6.55,1.254,217,55
combined_80_20,combined,GradBoost,5,top5,0.9101912138557655,0.026501612168145942,0.04232030778195241,3.9562796791947457,0.8923507042740269,138.18,0.8809,217,55
combined_80_20,combined,LightGBM,5,top10,0.8952893309720418,0.02890371653263213,0.04569670347071741,4.3242986471774225,0.8871966006851612,20.66,1.2808,217,55
combined_80_20,combined,XGBoost,5,top10,0.8929663857233479,0.02916605145854462,0.04620080041744212,4.350869892109921,0.8819430692755637,8.27,1.2542,217,55
combined_80_20,combined,GradBoost,5,top10,0.8907768231901727,0.030065670453364293,0.04667096774635937,4.439754729032623,0.8779554675921517,164.72,0.7076,217,55
combined_80_20,combined,LightGBM,5,top20,0.8907757338780765,0.029870509005570478,0.046671200476831216,4.43848334836378,0.8818426328987311,19.57,1.2003,217,55
combined_80_20,combined,XGBoost,5,top20,0.886973969295339,0.03050466875489401,0.04747649424552347,4.49275249242262,0.8735142053321627,13.76,1.2688,217,55
combined_80_20,combined,GradBoost,5,top20,0.8857848711614879,0.030358897010902414,0.04772558068923222,4.499476239689879,0.8710513375444792,251.69,0.8285,217,55
combined_80_20,combined,LightGBM,5,all,0.885989427101217,0.030699353113145145,0.047682823980311616,4.561051262087619,0.8759022209096873,26.04,1.1913,217,55
combined_80_20,combined,XGBoost,5,all,0.8702834795444951,0.03305251118943469,0.05086125234951598,4.817404300826548,0.8565897563900066,23.61,1.2466,217,55
combined_80_20,combined,GradBoost,5,all,0.8845770999096194,0.030823362894037698,0.04797725488583529,4.575922720150008,0.8722378361051945,356.52,0.8647,217,55
combined_80_20,combined,LightGBM,10,top3,0.8076981357446236,0.04071678881870204,0.06181513511946086,5.9397397706329995,0.7953419255063947,9.74,1.1784,217,55
combined_80_20,combined,XGBoost,10,top3,0.8098549065511869,0.0396874158120698,0.06146751236581977,5.790213180331906,0.7951775982733851,5.17,1.1457,217,55
combined_80_20,combined,GradBoost,10,top3,0.8222680732107626,0.03815479079618235,0.05942727277962885,5.57727016393716,0.8080901917414296,113.8,1.078,217,55
combined_80_20,combined,LightGBM,10,top5,0.8999134379796753,0.028458022774732812,0.04459549217785048,4.262388281546792,0.8838904431238924,14.16,1.5154,217,55
combined_80_20,combined,XGBoost,10,top5,0.892516361747163,0.030112026084331087,0.046214073949355665,4.452927479791728,0.8707267775035783,6.44,1.1895,217,55
combined_80_20,combined,GradBoost,10,top5,0.8918719028954848,0.029031400519292577,0.046352413881533036,4.3831034980674906,0.875645784381808,132.82,0.9954,217,55
combined_80_20,combined,LightGBM,10,top10,0.8852034198237103,0.030388452849787497,0.047760355513734816,4.522933121420985,0.8776143341125165,14.97,1.3995,217,55
combined_80_20,combined,XGBoost,10,top10,0.8786197488552394,0.03078927153758871,0.04911080936324766,4.547490486716179,0.867775527690597,8.79,1.3287,217,55
combined_80_20,combined,GradBoost,10,top10,0.887525677517427,0.03041506267343749,0.047274807437281574,4.528964584646408,0.8756032361778988,177.32,1.1831,217,55
combined_80_20,combined,LightGBM,10,top20,0.8813693785691736,0.03077261992444266,0.048551368793483624,4.566542052750936,0.8693172243897801,20.23,1.2151,217,55
combined_80_20,combined,XGBoost,10,top20,0.8818001914935498,0.030789284273914145,0.04846313027059771,4.552004016888439,0.8711458708100398,14.29,1.2235,217,55
combined_80_20,combined,GradBoost,10,top20,0.8913229265555181,0.029963087678128855,0.0464699326510751,4.475940828079512,0.8781505255866129,260.04,0.7246,217,55
combined_80_20,combined,LightGBM,10,all,0.859895690898317,0.0343189806408751,0.05276291997976034,5.0317814474434925,0.8470586220716176,29.74,1.2137,217,55
combined_80_20,combined,XGBoost,10,all,0.8646094349120383,0.03340060750079851,0.05186773413803943,4.856258302002021,0.8521314878861401,24.22,1.1545,217,55
combined_80_20,combined,GradBoost,10,all,0.8856568579038306,0.031321395247206174,0.04766593723281114,4.6759805755829165,0.864908420248157,357.28,0.6519,217,55
combined_80_20,combined,LightGBM,15,top3,0.8018895345063494,0.041255419447956306,0.06259595336216159,6.015142980185588,0.788231136643096,10.69,1.1544,217,55
combined_80_20,combined,XGBoost,15,top3,0.7999976819368919,0.0408053685604309,0.06289412271640271,5.951137010999679,0.7814534503396028,4.84,1.0667,217,55
combined_80_20,combined,GradBoost,15,top3,0.8145815057746524,0.0390142512851936,0.06055765842700482,5.736684026347214,0.7998775633448866,109.62,0.8434,217,55
combined_80_20,combined,LightGBM,15,top5,0.9007447927495982,0.028419240575953672,0.0443066790587249,4.252202451629085,0.8837988892935361,11.93,1.2952,217,55
combined_80_20,combined,XGBoost,15,top5,0.8937360695336648,0.029793422710558858,0.045844314881419886,4.447595726541452,0.8739837723393417,6.14,1.1317,217,55
combined_80_20,combined,GradBoost,15,top5,0.9051465910917851,0.026914249802897895,0.04331307533783171,3.9948641537430967,0.8859166219307708,134.65,0.9876,217,55
combined_80_20,combined,LightGBM,15,top10,0.8874554256177857,0.029783549981612437,0.04717966258792234,4.430079009047782,0.8816888671090332,13.12,1.2392,217,55
combined_80_20,combined,XGBoost,15,top10,0.8760701550593473,0.031008335767773003,0.04950858366213137,4.5763568330767095,0.8682894339200055,8.98,1.1282,217,55
combined_80_20,combined,GradBoost,15,top10,0.8967491906076042,0.028606305993304684,0.04518968161359225,4.243213570082566,0.8836332189478748,172.56,0.7834,217,55
combined_80_20,combined,LightGBM,15,top20,0.8807115774927697,0.03134758846603367,0.04857263866847165,4.614987504048988,0.869290075819725,18.19,1.2534,217,55
combined_80_20,combined,XGBoost,15,top20,0.8804100203268362,0.03121657063526146,0.04863399492409618,4.607561758600462,0.8708110525161906,13.21,1.1072,217,55
combined_80_20,combined,GradBoost,15,top20,0.8784812676258665,0.03160499528647466,0.0490246119067389,4.745629073390456,0.859718398252568,236.27,0.666,217,55
combined_80_20,combined,LightGBM,15,all,0.8673895908589817,0.033154432101253774,0.051213134374633575,4.879352299304399,0.8552227486342477,35.44,1.2026,217,55
combined_80_20,combined,XGBoost,15,all,0.8585245827780683,0.033589815354737956,0.052897243431791016,4.882164874702396,0.8521666866863241,24.01,1.0976,217,55
combined_80_20,combined,GradBoost,15,all,0.8834087650606249,0.03101801697173611,0.04802036981019681,4.6019767269332785,0.8710687064612954,373.56,0.8099,217,55
combined_80_20,combined,LightGBM,30,top3,0.7841560975934189,0.04302020080635557,0.0650217148544907,6.232502182633519,0.7681762743335875,9.63,1.1732,217,55
combined_80_20,combined,XGBoost,30,top3,0.8002951580823594,0.04113489180508794,0.06254359262652281,6.010929880955203,0.7726691486991599,4.8,1.0606,217,55
combined_80_20,combined,GradBoost,30,top3,0.8049637747145122,0.039918790501273435,0.06180821031292029,5.908607035264604,0.7839043936514852,109.9,0.6508,217,55
combined_80_20,combined,LightGBM,30,top5,0.8982697988669877,0.028159760738566644,0.04463889943616951,4.207416149552495,0.8813651732695236,11.01,1.1833,217,55
combined_80_20,combined,XGBoost,30,top5,0.8997653575664852,0.028519407607236053,0.04430956125649188,4.279052043188412,0.8744432626970011,5.98,1.0909,217,55
combined_80_20,combined,GradBoost,30,top5,0.9140603774044773,0.0257460507197377,0.041028463027230455,3.8796705849582453,0.8866230604670067,133.98,0.9793,217,55
combined_80_20,combined,LightGBM,30,top10,0.8905477917047817,0.029354085152781505,0.046302110936118135,4.395156777464903,0.8759191457934586,12.98,1.1827,217,55
combined_80_20,combined,XGBoost,30,top10,0.887858448147583,0.02954651441618957,0.04686750214047924,4.425900144126806,0.8694910295880115,8.53,1.0922,217,55
combined_80_20,combined,GradBoost,30,top10,0.8964379128394979,0.028560411978999445,0.04503901918201226,4.250007629005218,0.876716215958517,172.55,0.7954,217,55
combined_80_20,combined,LightGBM,30,top20,0.8806889917888631,0.031225640828292867,0.04834246426304111,4.627799966117037,0.8657156027241576,20.08,1.2172,217,55
combined_80_20,combined,XGBoost,30,top20,0.8827862116210832,0.030798046165558642,0.04791570454995351,4.593818617192298,0.8665530788820813,13.11,1.1412,217,55
combined_80_20,combined,GradBoost,30,top20,0.8893945012234271,0.029310610697339798,0.0465454128001115,4.439074507717219,0.8673739963731879,249.51,0.8102,217,55
combined_80_20,combined,LightGBM,30,all,0.8784740497360626,0.0316377904986892,0.04878912617727234,4.728597918595805,0.8587050396114433,31.63,1.2062,217,55
combined_80_20,combined,XGBoost,30,all,0.8589372661432078,0.03408209221079306,0.05256475871506463,4.995006261637412,0.848365370425403,23.58,1.1665,217,55
combined_80_20,combined,GradBoost,30,all,0.8792540219772453,0.03169341900667461,0.04863230609024395,4.745823045123378,0.859930701566076,374.83,0.7888,217,55
combined_80_20,combined,LightGBM,50,top3,0.7839603189900677,0.043127549380245406,0.06482058666568337,6.2749234447633055,0.7564057520046031,9.08,1.1435,217,55
combined_80_20,combined,XGBoost,50,top3,0.7919170182621085,0.041301045423234484,0.06361572410655623,6.023703332894179,0.7570597253725074,4.75,1.0479,217,55
combined_80_20,combined,GradBoost,50,top3,0.8015742775867278,0.040673121993772085,0.06212196416229889,5.985976918568796,0.7692382929820714,109.51,0.7601,217,55
combined_80_20,combined,LightGBM,50,top5,0.9027774014589249,0.028075095348494165,0.04348403192968267,4.193406118294875,0.8805013451157779,11.14,1.1742,217,55
combined_80_20,combined,XGBoost,50,top5,0.9022025711728305,0.028220311342553067,0.04361239251911207,4.292259933642554,0.8733729530840775,5.82,1.1016,217,55
combined_80_20,combined,GradBoost,50,top5,0.8938052670640692,0.028648154720571757,0.04544621117678815,4.332336454542194,0.8642293789047274,125.9,0.6667,217,55
combined_80_20,combined,LightGBM,50,top10,0.8908682029471316,0.02930173323278078,0.04607038557780076,4.409893887038345,0.876457002254461,14.72,1.1839,217,55
combined_80_20,combined,XGBoost,50,top10,0.893233074723913,0.029268089655296713,0.0455684820229034,4.383227107455285,0.8767412533885519,8.59,1.1287,217,55
combined_80_20,combined,GradBoost,50,top10,0.8934002524823128,0.02924656051391027,0.045532792032236244,4.416363667474651,0.8680958597264753,165.62,0.6869,217,55
combined_80_20,combined,LightGBM,50,top20,0.8787847563913052,0.0319242856481792,0.04855397752780806,4.796889913421285,0.85936719854488,18.88,1.2773,217,55
combined_80_20,combined,XGBoost,50,top20,0.883105269526141,0.031245723840760343,0.04768081395861058,4.694164379665123,0.8569951401496984,13.49,1.1804,217,55
combined_80_20,combined,GradBoost,50,top20,0.8849132110498539,0.030171164352834772,0.04731065166425285,4.554465747238501,0.861846011224685,248.55,0.9692,217,55
combined_80_20,combined,LightGBM,50,all,0.8753215347789396,0.03214643059789299,0.04924270679667413,4.830455395038762,0.8587579761672289,29.79,1.3456,217,55
combined_80_20,combined,XGBoost,50,all,0.8647274478454501,0.03315443105903701,0.0512921655804884,4.877803929178983,0.8556482573843853,25.72,1.1785,217,55
combined_80_20,combined,GradBoost,50,all,0.8694943076064774,0.03221979691729642,0.050380319948492326,4.896224798301993,0.8493513270699098,416.46,0.8405,217,55
combined_80_20,combined,Transformer,5,all,0.8005072190530166,0.04985630706469418,0.06332860624144372,6.8801675435872065,0.7536772813430865,113.96,0.0297,217,55
combined_80_20,combined,LSTM_Attn,5,all,-0.028350880349997665,0.1163797478353149,0.14378282090828226,16.6428679099808,-0.359982506763707,24.91,0.0349,217,55
combined_80_20,combined,TCN,5,all,0.1824751920970501,0.11119746851520243,0.12819964067374337,14.882134240357583,-0.07679626949245495,40.75,0.0297,217,55
combined_80_20,combined,PINN,5,all,0.7440247202695418,0.056264023160627556,0.071735701716824,7.766006900895444,0.6910798834901558,142.58,0.0613,217,55
combined_80_20,combined,HYBRID,5,all,0.9416988411980801,0.02447048792530322,0.03423536254078639,3.455654289486263,0.9183023725942775,165.56,0.0286,217,55
combined_80_20,combined,Transformer,10,all,0.7483485815305241,0.05360484793474857,0.0710026059121746,7.634416150024253,0.6783507716339432,73.49,0.0277,217,55
combined_80_20,combined,LSTM_Attn,10,all,0.9333581635695934,0.026357548100639408,0.03653827794487774,3.749307479330697,0.885940953248915,138.5,0.0353,217,55
combined_80_20,combined,TCN,10,all,0.7216958260554904,0.05587818483537193,0.07466798935654924,7.9543671540296375,0.5483994141529079,89.72,0.029,217,55
combined_80_20,combined,PINN,10,all,0.757222477940856,0.055221274294578945,0.06973950077582818,7.638221822968978,0.6793014739735572,147.59,0.0504,217,55
combined_80_20,combined,HYBRID,10,all,0.9491493683121159,0.021059641273330945,0.03191705214311095,3.0599675449928405,0.9170060508664531,171.77,0.0282,217,55
combined_80_20,combined,Transformer,15,all,0.7032964088698284,0.06102502504361504,0.07697146040373802,8.446400917488193,0.6279259564456791,54.69,0.0275,217,55
combined_80_20,combined,LSTM_Attn,15,all,0.9530622947755117,0.021633574941346885,0.03061464669319283,3.0328384694926442,0.9246775282331966,140.61,0.0457,217,55
combined_80_20,combined,TCN,15,all,0.6328668885792706,0.06762779420590481,0.08562096192746466,9.437133972512896,0.24368737638922908,69.26,0.0177,217,55
combined_80_20,combined,PINN,15,all,0.7778553041270669,0.05189574226255302,0.06660185100480996,7.254556003558102,0.7089484185584912,216.0,0.0572,217,55
combined_80_20,combined,HYBRID,15,all,0.942952938861671,0.023576793466904205,0.03375086930724527,3.3414695958187033,0.913151725206414,177.75,0.0377,217,55
combined_80_20,combined,Transformer,30,all,0.9118132816985289,0.029456907778028233,0.04178953963315441,4.291148828480294,0.8676948108411568,110.41,0.0317,217,55
combined_80_20,combined,LSTM_Attn,30,all,0.7343730705461127,0.05746613998228588,0.07252738967817529,7.977664085677756,0.6853298820179982,78.92,0.0331,217,55
combined_80_20,combined,TCN,30,all,0.456685242104906,0.08847521950394875,0.10372698319275098,11.959175368412653,0.22628260491203456,49.08,0.0261,217,55
combined_80_20,combined,PINN,30,all,0.750842291571088,0.05362597468429942,0.07024301755366023,7.678866810065705,0.6770138260275046,98.62,0.0519,217,55
combined_80_20,combined,HYBRID,30,all,0.6567263173236387,0.06784571170762908,0.0824491629122981,9.433522854034997,0.5500592371331249,62.17,0.0339,217,55
combined_80_20,combined,Transformer,50,all,0.8950954631734421,0.03443322515038507,0.045393478035338594,4.8386219028420445,0.8384305590851753,129.89,0.0278,217,55
combined_80_20,combined,LSTM_Attn,50,all,0.5853023312907152,0.07624899149148853,0.09025309860135458,10.261518290624837,0.4659563750935762,69.1,0.0482,217,55
combined_80_20,combined,TCN,50,all,0.580401777838693,0.07923291491822002,0.0907848005815223,10.602423971724482,0.33863855890528766,62.3,0.0379,217,55
combined_80_20,combined,PINN,50,all,0.8159851469052626,0.046305506529125635,0.06012052492897889,6.593334076768918,0.7665925459847719,148.26,0.0518,217,55
combined_80_20,combined,HYBRID,50,all,0.7888557275742798,0.0501458873760213,0.06440001622499521,7.197294794350037,0.7270707968991267,131.81,0.0527,217,55
ISU_only,combined,LightGBM,3,top3,0.8778472450625808,0.03362667592635175,0.05074171912489669,4.941357809665917,0.8345608132467198,15.2,1.099,201,50
ISU_only,combined,XGBoost,3,top3,0.8538586371635181,0.0374646381215228,0.055500912108541384,5.513905589505094,0.8109001622962598,4.59,0.9948,201,50
ISU_only,combined,GradBoost,3,top3,0.8787780425856041,0.03258371604723499,0.0505480248280792,4.8124600960131785,0.8341221628386031,99.95,0.6916,201,50
ISU_only,combined,LightGBM,3,top5,0.9164792278610412,0.02573740432280135,0.0419576150641378,3.7062720048292497,0.8781250201820319,10.62,1.0929,201,50
ISU_only,combined,XGBoost,3,top5,0.8996972036135097,0.028754272425332576,0.04598011619782866,4.145293379425132,0.8645890894943978,5.61,1.0291,201,50
ISU_only,combined,GradBoost,3,top5,0.9268779468897478,0.024631208911346743,0.03925886433913935,3.536167749601803,0.8903286946473359,125.0,0.7381,201,50
ISU_only,combined,LightGBM,3,top10,0.8928209619014862,0.02901053073377174,0.04753007191949945,4.179544183436565,0.8498429395612612,12.27,1.069,201,50
ISU_only,combined,XGBoost,3,top10,0.8872232960202199,0.030273556693409694,0.048755458257610663,4.314374131329028,0.8406098640854871,7.97,1.0301,201,50
ISU_only,combined,GradBoost,3,top10,0.9112466019916603,0.027552514992123082,0.0432519844944017,3.95635018424318,0.8656296336607144,161.65,0.8128,201,50
ISU_only,combined,LightGBM,3,top20,0.9019438303471713,0.029388419632198518,0.045462258406348294,4.161857480735324,0.8531978863144468,16.74,1.1242,201,50
ISU_only,combined,XGBoost,3,top20,0.89344490601274,0.029684037041688333,0.047391521527791,4.245361225782035,0.8459456844330029,12.18,1.02,201,50
ISU_only,combined,GradBoost,3,top20,0.9146415897271162,0.027005001647347506,0.042416682946982844,3.852555936632073,0.8702287595737406,228.13,0.6853,201,50
ISU_only,combined,LightGBM,3,all,0.8858690695898379,0.030881185791606636,0.04904731330693474,4.387124782919115,0.8405590989644139,29.19,1.1223,201,50
ISU_only,combined,XGBoost,3,all,0.8981172881634059,0.028967630128227985,0.04634082828472267,4.154316612294822,0.8531122801392763,22.35,1.0597,201,50
ISU_only,combined,GradBoost,3,all,0.9070862652859822,0.02889808356328062,0.0442540989387954,4.100989308424055,0.861852785153197,324.73,0.8101,201,50
ISU_only,combined,LightGBM,5,top3,0.8773908908798105,0.033687732263981925,0.0508007619210058,4.951272528883751,0.8318869900170698,9.2,1.0937,201,50
ISU_only,combined,XGBoost,5,top3,0.8533100809679747,0.03753526948968902,0.05556598175435986,5.525239146648474,0.8079327220475561,4.46,0.981,201,50
ISU_only,combined,GradBoost,5,top3,0.8783247547939439,0.03264162989303352,0.05060692771450206,4.82200110232709,0.8316966825752949,100.84,0.5961,201,50
ISU_only,combined,LightGBM,5,top5,0.9165877152761102,0.026057599398397906,0.041900949655164346,3.731691137886059,0.883708116249262,10.79,1.1727,201,50
ISU_only,combined,XGBoost,5,top5,0.8974508060580859,0.02842165607312581,0.04645954830031854,4.08749151134884,0.8634064581494101,5.55,1.0089,201,50
ISU_only,combined,GradBoost,5,top5,0.9238076881712589,0.024738163968483214,0.04004648779939763,3.5502101210404153,0.8854830211778913,127.05,0.74,201,50
ISU_only,combined,LightGBM,5,top10,0.8876405460208019,0.030116169326075245,0.04863105235016434,4.277893286184719,0.8411232000745855,13.75,1.0471,201,50
ISU_only,combined,XGBoost,5,top10,0.8787645558704555,0.030347511687899266,0.05051538431997118,4.33892465975393,0.831302624835446,7.76,1.0037,201,50
ISU_only,combined,GradBoost,5,top10,0.9084952023457408,0.027935463190210983,0.04388648416704752,3.9972443471314802,0.8574010445193899,161.85,0.8273,201,50
ISU_only,combined,LightGBM,5,top20,0.896418065003821,0.030158824057198247,0.046692902098057244,4.278111037874336,0.8463580340604028,19.19,1.0393,201,50
ISU_only,combined,XGBoost,5,top20,0.8818690872130076,0.030667082363549945,0.04986440455992696,4.381173705108845,0.8306710627641182,12.27,1.0589,201,50
ISU_only,combined,GradBoost,5,top20,0.9119584437588345,0.02737265487479868,0.04304797361656553,3.9137642016672927,0.8660459284858135,229.06,0.7688,201,50
ISU_only,combined,LightGBM,5,all,0.9027434725868734,0.02948361798216657,0.045244754595155576,4.176267188200409,0.8502059464145993,24.5,1.1702,201,50
ISU_only,combined,XGBoost,5,all,0.8905853561716902,0.029715904881287804,0.04798953955505249,4.227429634982269,0.8364653904296081,22.01,1.0625,201,50
ISU_only,combined,GradBoost,5,all,0.9024487845223712,0.028959196250913238,0.04531324873609032,4.127006690545571,0.8528740566422534,325.48,0.7996,201,50
ISU_only,combined,LightGBM,10,top3,0.8754319665528891,0.033982195465148114,0.051052011738761546,4.996533243283687,0.8243966507150076,9.1,1.1253,201,50
ISU_only,combined,XGBoost,10,top3,0.8509710410932344,0.03785977807236667,0.05583993319594794,5.5753953940523315,0.7996368113777224,4.43,0.9605,201,50
ISU_only,combined,GradBoost,10,top3,0.8763769888522457,0.03293084081059575,0.050857992700019616,4.866505878051525,0.8232403255511556,101.04,0.581,201,50
ISU_only,combined,LightGBM,10,top5,0.9212357952213266,0.02577480075309298,0.04059513617664776,3.687433045011664,0.8771989573848264,11.63,1.0668,201,50
ISU_only,combined,XGBoost,10,top5,0.8949287508182626,0.02925790962521247,0.046886898318340677,4.181656257847503,0.8483783433007794,5.53,1.0205,201,50
ISU_only,combined,GradBoost,10,top5,0.9233377588440912,0.02503522139832381,0.040049796337827195,3.641349339434255,0.8803603297288382,125.88,0.74,201,50
ISU_only,combined,LightGBM,10,top10,0.9039052873449908,0.02853331821903495,0.044839349397118304,4.174505507250002,0.8476097944282711,13.86,1.0617,201,50
ISU_only,combined,XGBoost,10,top10,0.895747892812822,0.028899117842061672,0.046703774120138354,4.139234133365543,0.846904184404924,7.82,1.051,201,50
ISU_only,combined,GradBoost,10,top10,0.9150508267050785,0.027077153969091803,0.04215888678009489,3.8854722740297434,0.8642202479333109,161.19,0.7931,201,50
ISU_only,combined,LightGBM,10,top20,0.9026742416822298,0.028417043795279356,0.045125648311804024,4.06283326744655,0.8425761427790609,16.4,1.1108,201,50
ISU_only,combined,XGBoost,10,top20,0.8904344597672541,0.030069964479251872,0.04787916286939435,4.295014209041372,0.8387014414310425,12.57,1.1355,201,50
ISU_only,combined,GradBoost,10,top20,0.9140328643129954,0.027492131253981162,0.04241073359634018,3.93339103352724,0.8596257033944442,228.86,0.7482,201,50
ISU_only,combined,LightGBM,10,all,0.8982652930872712,0.029497018815433464,0.04613644479608638,4.237370079360684,0.8461466961446242,26.13,1.1337,201,50
ISU_only,combined,XGBoost,10,all,0.8929362790514459,0.02920226816178759,0.04732936990765444,4.174602199213762,0.8349546393972165,22.07,1.1019,201,50
ISU_only,combined,GradBoost,10,all,0.899476164367548,0.028917318812243454,0.04586105931088675,4.10872740088489,0.8409335476927605,324.44,0.8017,201,50
ISU_only,combined,LightGBM,15,top3,0.8739918843660588,0.03422740292067957,0.051260019608823135,5.034142511248853,0.8154938276594291,10.09,1.0737,201,50
ISU_only,combined,XGBoost,15,top3,0.8492498137456742,0.03812946781427661,0.05606714451529647,5.61702999552161,0.7896795020665724,4.48,0.9737,201,50
ISU_only,combined,GradBoost,15,top3,0.8749437196861687,0.03317317256886413,0.05106604961862971,4.903637110365746,0.8123361653168664,99.55,0.6129,201,50
ISU_only,combined,LightGBM,15,top5,0.916978081684985,0.02632564474831488,0.04160790905233376,3.7619967245039416,0.8621937997237122,12.49,1.0853,201,50
ISU_only,combined,XGBoost,15,top5,0.8992014460644127,0.028935459649619057,0.04584655002107675,4.150698626473852,0.8473423042106647,5.54,1.0081,201,50
ISU_only,combined,GradBoost,15,top5,0.923110989790547,0.025295467677887682,0.04004162044216226,3.6664092033702356,0.8700357187584907,125.33,0.7941,201,50
ISU_only,combined,LightGBM,15,top10,0.8930842780993804,0.029564411848244126,0.04721720719140292,4.264255543078105,0.8312918818227375,12.19,1.0938,201,50
ISU_only,combined,XGBoost,15,top10,0.8919416226479564,0.028851893839854224,0.04746885217207616,4.141973744132208,0.8321928117577851,7.74,1.0382,201,50
ISU_only,combined,GradBoost,15,top10,0.9164306994689296,0.026400227192093305,0.0417448488646713,3.7971736207274613,0.8629122070534967,160.93,0.7241,201,50
ISU_only,combined,LightGBM,15,top20,0.9012751527637498,0.028411080643565782,0.045372503692927044,4.073186116535851,0.8438459458543711,16.72,1.1404,201,50
ISU_only,combined,XGBoost,15,top20,0.8929179910923583,0.029350479184490255,0.0472539116038902,4.209467447831657,0.8330708822187799,12.3,1.019,201,50
ISU_only,combined,GradBoost,15,top20,0.9106515480680331,0.02781975656019485,0.04316413335191757,3.9660151283150737,0.8441617541486311,229.33,0.7285,201,50
ISU_only,combined,LightGBM,15,all,0.8857873390002049,0.030488130061816138,0.04880188919512745,4.373616969674022,0.8287611452687135,32.12,1.0684,201,50
ISU_only,combined,XGBoost,15,all,0.8855574523162018,0.030412397644932906,0.04885097860744538,4.38409438996175,0.8124571069882863,22.32,1.0457,201,50
ISU_only,combined,GradBoost,15,all,0.90255161883701,0.0286729056141765,0.045078226762841726,4.063617893063584,0.8396374813476801,324.55,0.7238,201,50
ISU_only,combined,LightGBM,30,top3,0.8590581211250505,0.03624658104244184,0.05403361465052916,5.293582077527187,0.7380539050979074,9.77,1.0465,201,50
ISU_only,combined,XGBoost,30,top3,0.8420255848609438,0.03923530674703132,0.05720544534609625,5.782636667320268,0.7319091963517351,4.5,0.9563,201,50
ISU_only,combined,GradBoost,30,top3,0.8713779637493686,0.0341135735126157,0.051618060609417815,5.039149197112766,0.7376908869006751,99.81,0.6076,201,50
ISU_only,combined,LightGBM,30,top5,0.9182289663163683,0.025904127652528152,0.041157002457809594,3.7293676942118825,0.8389034987556614,10.89,1.1891,201,50
ISU_only,combined,XGBoost,30,top5,0.9008107100305245,0.028738194368040215,0.04532902560926004,4.146919327590562,0.8081104361145829,5.51,1.0016,201,50
ISU_only,combined,GradBoost,30,top5,0.926552853607258,0.024731661920379976,0.03900600358771865,3.5956244493339624,0.8394688733998535,129.19,0.8207,201,50
ISU_only,combined,LightGBM,30,top10,0.8960917933467082,0.028983067261330354,0.04639475840939059,4.19920593049949,0.7968852843889495,13.82,1.1595,201,50
ISU_only,combined,XGBoost,30,top10,0.8896061059425271,0.02990159085272084,0.047820765002106844,4.283357565080537,0.76616919942054,8.01,1.0018,201,50
ISU_only,combined,GradBoost,30,top10,0.9063746054887771,0.027929755415251535,0.04403934217653194,4.018326183082657,0.8071918545113257,161.83,0.7461,201,50
ISU_only,combined,LightGBM,30,top20,0.8940189412752007,0.029810219709883783,0.04685523492519851,4.303599029424578,0.7922001267518702,18.74,1.0702,201,50
ISU_only,combined,XGBoost,30,top20,0.8899216801269451,0.029871134254161658,0.04775236538932598,4.299950721951838,0.7821577580374792,12.23,1.0339,201,50
ISU_only,combined,GradBoost,30,top20,0.9165604130834824,0.02683496119876497,0.04157479012718621,3.8627335845730726,0.8181126636060153,229.51,0.7636,201,50
ISU_only,combined,LightGBM,30,all,0.884594263196619,0.03156746447507593,0.04889423909349405,4.512597922601576,0.7581300020276589,29.76,1.1765,201,50
ISU_only,combined,XGBoost,30,all,0.8822958074626089,0.031208600081264897,0.04937873490917389,4.4748777454336555,0.7439163298021301,22.02,1.0811,201,50
ISU_only,combined,GradBoost,30,all,0.9037461847031543,0.028839415805162923,0.04465323927843986,4.129983141133787,0.7894961746327255,339.24,0.8341,201,50
ISU_only,combined,LightGBM,50,top3,0.8610433991693021,0.037017820459224186,0.05364161631893503,5.480640975372193,0.4369301904557301,9.28,1.0755,201,50
ISU_only,combined,XGBoost,50,top3,0.8482290314347486,0.03843854637482881,0.056060454886381665,5.728303444728029,0.36582081691881696,4.5,1.0201,201,50
ISU_only,combined,GradBoost,50,top3,0.8775925304777056,0.03400469040029797,0.05034614526621819,5.080269758064417,0.06826358541936174,103.13,0.7923,201,50
ISU_only,combined,LightGBM,50,top5,0.9168857189355354,0.026852317950444234,0.04148585937155168,3.8892436416090526,0.5717095465537091,14.21,1.1278,201,50
ISU_only,combined,XGBoost,50,top5,0.9018132290871456,0.028717875919731985,0.04509088437864289,4.175260319981346,0.4492955383867542,5.73,1.0247,201,50
ISU_only,combined,GradBoost,50,top5,0.9239228187039065,0.025413469338066572,0.039690765150491976,3.7294607568126565,0.5922763970454293,124.9,0.8118,201,50
ISU_only,combined,LightGBM,50,top10,0.9068699956539572,0.02833603442402431,0.043914412414109184,4.130114315525089,0.44491820512720787,13.98,1.1248,201,50
ISU_only,combined,XGBoost,50,top10,0.9062687065336662,0.027539900198646914,0.044055949905600016,3.971294181314919,0.45862509811377367,7.69,1.0515,201,50
ISU_only,combined,GradBoost,50,top10,0.9169051134086467,0.026734318062211188,0.041481018787498006,3.8801295724244995,0.5488330720984925,160.48,0.7779,201,50
ISU_only,combined,LightGBM,50,top20,0.9015874675856049,0.02911508225987786,0.04514269350106216,4.219053277339917,-0.07136358486053704,19.23,1.125,201,50
ISU_only,combined,XGBoost,50,top20,0.8890257738910066,0.030487397379659855,0.04793727325839037,4.398409388570535,0.2827538688504607,12.17,1.0316,201,50
ISU_only,combined,GradBoost,50,top20,0.9097879046810992,0.028191838578918778,0.04322098394863658,4.045327061923317,0.3188342831224752,226.17,0.7527,201,50
ISU_only,combined,LightGBM,50,all,0.900699625791349,0.029933303524756785,0.04534586670823028,4.2864758012810364,-0.05345075098081371,27.84,1.0965,201,50
ISU_only,combined,XGBoost,50,all,0.8763384216640548,0.030824208616857956,0.050603395277473165,4.457246322930208,0.06639553404560272,23.3,1.0462,201,50
ISU_only,combined,GradBoost,50,all,0.8947897491708744,0.02988973902019079,0.0466757486556474,4.249241416452676,0.1528188136386579,368.28,0.7804,201,50
ISU_only,combined,Transformer,3,all,0.7749596096539786,0.059898351253743404,0.0717319104057254,8.258005891699986,0.6351321888840958,40.79,0.0262,201,50
ISU_only,combined,LSTM_Attn,3,all,0.9437794417903496,0.024539064316043028,0.03585334976109019,3.616368959456927,0.8599837256747915,106.1,0.0296,201,50
ISU_only,combined,TCN,3,all,0.5829465981534614,0.07804142931953541,0.097651292325061,11.077975365898233,0.33155320855145265,51.61,0.024,201,50
ISU_only,combined,PINN,3,all,0.8779363295442036,0.040185743182219354,0.052829362943402784,5.697570590623345,0.698252224956892,139.7,0.0455,201,50
ISU_only,combined,HYBRID,3,all,0.9261983510287712,0.028632507080746203,0.04107855837239222,4.095135024485882,0.8058255555279064,86.44,0.0364,201,50
ISU_only,combined,Transformer,5,all,0.8626758519979658,0.040635647855778334,0.05598624385357093,5.945085151940888,0.7313498070098234,72.0,0.0248,201,50
ISU_only,combined,LSTM_Attn,5,all,0.8044763107859678,0.05384942544314682,0.06680478434257645,7.544571805928689,0.6821167612674242,55.57,0.039,201,50
ISU_only,combined,TCN,5,all,0.581880797445939,0.08536780489600643,0.09769175947749581,11.3222984861143,0.1049906267038348,59.41,0.0212,201,50
ISU_only,combined,PINN,5,all,0.8558964237635729,0.04562830768597472,0.057351562478962795,6.344903165221186,0.7214409904565919,123.91,0.0504,201,50
ISU_only,combined,HYBRID,5,all,0.9268101582428823,0.02865276648320674,0.04087269541604025,4.190845564358562,0.8258864599349832,91.47,0.024,201,50
ISU_only,combined,Transformer,10,all,0.8035398321683778,0.05356664759465824,0.06682718420101469,7.470649219645948,0.6730860881083807,53.31,0.038,201,50
ISU_only,combined,LSTM_Attn,10,all,0.8640762994927604,0.042247590898164246,0.055585754084574855,6.227985730255348,0.7509725955580958,95.18,0.0436,201,50
ISU_only,combined,TCN,10,all,0.7760816505786475,0.05587399191476222,0.07134454112324118,8.063916946161932,0.6161697107899701,60.39,0.0287,201,50
ISU_only,combined,PINN,10,all,0.8815117895300985,0.03844221774235131,0.05189834121967372,5.571752425743778,0.7536542679293096,127.76,0.0407,201,50
ISU_only,combined,HYBRID,10,all,0.8949010199616603,0.0353856875339037,0.04887819476448559,5.184370104365153,0.77848625211116,78.73,0.0218,201,50
ISU_only,combined,Transformer,15,all,0.829696703355211,0.046900966161248614,0.062100471972960015,6.830633686040019,0.6369444901033842,55.17,0.0217,201,50
ISU_only,combined,LSTM_Attn,15,all,0.6612745633743107,0.0752204858530442,0.08758047152770665,10.195584051721648,0.4787266874209447,43.4,0.0303,201,50
ISU_only,combined,TCN,15,all,0.10322902125007816,0.12446803105574793,0.1425030455291864,16.427136308543787,-0.24492523304284666,30.78,0.0217,201,50
ISU_only,combined,PINN,15,all,0.8476296204867886,0.04477255718379372,0.05873996022015971,6.306571316709854,0.7082400450299267,133.55,0.0472,201,50
ISU_only,combined,HYBRID,15,all,0.9468151622863401,0.02476086950190078,0.03470382084218099,3.637931342292449,0.8982297992979261,142.04,0.0437,201,50
ISU_only,combined,Transformer,30,all,0.8924866533636603,0.03637582115698986,0.049094478709861535,5.274513496153176,0.7807694918970987,78.26,0.0229,201,50
ISU_only,combined,LSTM_Attn,30,all,0.821469465267806,0.047455809386011155,0.06326415556872036,6.989321021261391,0.6013178123972598,56.61,0.0333,201,50
ISU_only,combined,TCN,30,all,0.0436060074772453,0.1283174341787057,0.14642656769331666,16.76126266338212,-0.4675010465956361,33.1,0.0303,201,50
ISU_only,combined,PINN,30,all,0.8649824763550414,0.04204633384213938,0.05501695270084964,6.156079514511609,0.7166817708044902,125.24,0.0507,201,50
ISU_only,combined,HYBRID,30,all,0.6040539610788818,0.06974689424127281,0.09421487233900366,10.410558288079788,0.33046040653710923,60.0,0.0422,201,50
ISU_only,combined,Transformer,50,all,0.758178521091572,0.06228919484271993,0.07323071246663247,8.59348988462998,0.335057693862322,68.96,0.022,201,50
ISU_only,combined,LSTM_Attn,50,all,0.9631655095346225,0.019499448107106156,0.028580719411271376,2.8305135879573733,-0.32868335483274125,121.72,0.0306,201,50
ISU_only,combined,TCN,50,all,0.6893803377552863,0.06599213229580948,0.08299659865082394,9.289465753908233,0.27361072083735594,48.63,0.0318,201,50
ISU_only,combined,PINN,50,all,0.8133121261388954,0.05090230448492739,0.06434338102284988,7.243670790317328,0.6121127664700144,102.78,0.0331,201,50
ISU_only,combined,HYBRID,50,all,0.9317675305487837,0.027088993261796694,0.0388992625189069,3.983223956498668,0.7643655243299021,86.57,0.0477,201,50
UofM_only,combined,LightGBM,3,top3,0.4453055043598989,0.0345807162571563,0.04560539592030246,4.108744009811701,0.2658045317193095,9.27,0.0892,17,4
UofM_only,combined,XGBoost,3,top3,0.5927535729981857,0.033850749829750296,0.039076705654732174,3.9273577378450444,0.43593889608280734,1.04,0.0815,17,4
UofM_only,combined,GradBoost,3,top3,0.41700254855277763,0.03685944536434956,0.04675441531949032,4.373839574711419,0.22400943100707837,35.81,0.0475,17,4
UofM_only,combined,LightGBM,3,top5,0.5959157504371633,0.027860569146676645,0.03892469906478383,3.239928005602398,0.40616028710078933,5.04,0.0792,17,4
UofM_only,combined,XGBoost,3,top5,0.6502131193512781,0.030060470270375977,0.036215214386594564,3.4922643968862666,0.5850405807426426,0.95,0.0756,17,4
UofM_only,combined,GradBoost,3,top5,0.4923368328431159,0.03152158777103586,0.04362918794283756,3.6936314241039594,0.264159983009979,34.97,0.0475,17,4
UofM_only,combined,LightGBM,3,top10,0.7240590044194984,0.026315715011128595,0.03216602651950447,3.0887079728435243,0.685871698142956,5.01,0.0805,17,4
UofM_only,combined,XGBoost,3,top10,0.6337150852670891,0.028982585126696034,0.03705943711346229,3.428343398366636,0.6570860911085572,1.1,0.0798,17,4
UofM_only,combined,GradBoost,3,top10,0.7542700349663474,0.024705763660711647,0.03035416997000829,2.880732313437808,0.718341516719803,37.67,0.0477,17,4
UofM_only,combined,LightGBM,3,top20,0.7105042294212833,0.026247779294660163,0.03294658563328412,3.1064350408014163,0.631388339978143,7.45,0.1026,17,4
UofM_only,combined,XGBoost,3,top20,0.6159439162023557,0.029895288038031785,0.037947802077910445,3.5630934774466896,0.6123747625862718,2.2,0.0926,17,4
UofM_only,combined,GradBoost,3,top20,0.6619837068990464,0.02966032817766652,0.035600665750682325,3.5162666122222603,0.6408825087597202,43.33,0.0589,17,4
UofM_only,combined,LightGBM,3,all,0.7177689039713946,0.02547745905564352,0.032530574520016134,3.0322903358483284,0.6311220462892524,8.74,0.0769,17,4
UofM_only,combined,XGBoost,3,all,0.6376612440855716,0.029293926720416235,0.03685926719198458,3.5100791106846225,0.6184694280910168,2.04,0.0749,17,4
UofM_only,combined,GradBoost,3,all,0.6288321150377985,0.03143993165730731,0.03730564028698876,3.7218183893701218,0.6146574844265176,50.48,0.0509,17,4
UofM_only,combined,LightGBM,5,top3,0.42621104283456,0.034729624645794106,0.04575383629434009,4.128666101889315,0.22382866755667397,4.54,0.077,17,4
UofM_only,combined,XGBoost,5,top3,0.5817363870571799,0.033846987447098804,0.039063977698388215,3.931104602831069,0.4056015433325747,0.84,0.074,17,4
UofM_only,combined,GradBoost,5,top3,0.39653160484784356,0.03708156380551439,0.0469222345557199,4.401367555582222,0.17830092541889764,34.85,0.0475,17,4
UofM_only,combined,LightGBM,5,top5,0.5548227012937096,0.029062226637092427,0.040301195194217876,3.3834327832535003,0.3268947151111632,5.06,0.0801,17,4
UofM_only,combined,XGBoost,5,top5,0.6262286200400338,0.030548851045536656,0.03692788571177487,3.5475729128021363,0.5444164555400931,0.9,0.0728,17,4
UofM_only,combined,GradBoost,5,top5,0.5772768070418158,0.029844438484177997,0.03927167809183815,3.492926480569067,0.375637942324901,36.15,0.0557,17,4
UofM_only,combined,LightGBM,5,top10,0.716531391176963,0.026128112552025653,0.03215910156119753,3.0743297206915785,0.669492651717432,5.07,0.0777,17,4
UofM_only,combined,XGBoost,5,top10,0.6674808067693576,0.027720437915609145,0.03483050571220994,3.280842643895579,0.6735224194842839,1.15,0.0796,17,4
UofM_only,combined,GradBoost,5,top10,0.7117210436689142,0.025894455404585088,0.0324308171503073,3.0315192783775684,0.6852949332078966,36.4,0.056,17,4
UofM_only,combined,LightGBM,5,top20,0.7615869880946877,0.023226668269536472,0.02949282665150021,2.756633240384022,0.7257388699821856,5.33,0.0836,17,4
UofM_only,combined,XGBoost,5,top20,0.6849323077791999,0.02603072349682175,0.03390418873774805,3.0919119442762004,0.702924915738087,1.42,0.079,17,4
UofM_only,combined,GradBoost,5,top20,0.6829944223246915,0.028085896328976477,0.034008296071527104,3.340437756509318,0.6751769591777252,40.17,0.0482,17,4
UofM_only,combined,LightGBM,5,all,0.7070969472279109,0.025615819907177265,0.03268988329497009,3.0612343648729543,0.6958309279859125,7.29,0.0805,17,4
UofM_only,combined,XGBoost,5,all,0.6437669806937201,0.027742034122910802,0.03605109887264995,3.328615854771102,0.6478361910940273,2.0,0.0777,17,4
UofM_only,combined,GradBoost,5,all,0.6574044192321387,0.028922227643893968,0.03535430460214467,3.4432364159592166,0.662101859191841,46.09,0.0476,17,4
UofM_only,combined,LightGBM,10,top3,0.3986119965852847,0.034976976323304786,0.045968293513816365,4.160235579780144,0.1791628492238203,4.78,0.0732,17,4
UofM_only,combined,XGBoost,10,top3,0.5641471653709627,0.03392705237348671,0.03913370247707951,3.944631064887842,0.3719206607070813,0.82,0.0742,17,4
UofM_only,combined,GradBoost,10,top3,0.36725458091432395,0.037379149562431345,0.047151499246373796,4.43830810328319,0.13020397545723206,35.01,0.0409,17,4
UofM_only,combined,LightGBM,10,top5,0.37536129234653726,0.03761205017008223,0.04684847387821631,4.366086784974158,0.13194438714075585,5.17,0.0757,17,4
UofM_only,combined,XGBoost,10,top5,0.7247295927768578,0.024910277448794742,0.031100026860511134,2.8985530968462356,0.598663873968335,0.9,0.0793,17,4
UofM_only,combined,GradBoost,10,top5,0.6425942012268491,0.02795389244639191,0.03543739575536633,3.266489859172968,0.4837530755013832,35.98,0.0319,17,4
UofM_only,combined,LightGBM,10,top10,0.6644793714787915,0.02683618679699003,0.03433528169368738,3.1312001014245463,0.647792625224739,4.95,0.081,17,4
UofM_only,combined,XGBoost,10,top10,0.735028826476596,0.024111075390000316,0.030512677303616124,2.8401357508965512,0.7170547943397679,1.11,0.0837,17,4
UofM_only,combined,GradBoost,10,top10,0.7991174466673994,0.01989277179000613,0.026567586997686632,2.3135755569138343,0.7861677189342591,36.65,0.0315,17,4
UofM_only,combined,LightGBM,10,top20,0.7408053087139108,0.024490862546070528,0.03017825004284308,2.9086643316474077,0.7226142136930336,5.24,0.0806,17,4
UofM_only,combined,XGBoost,10,top20,0.8743813826520672,0.01760081432722179,0.0210091269772529,2.084613722440908,0.8335568852956101,1.39,0.0831,17,4
UofM_only,combined,GradBoost,10,top20,0.8138404455781372,0.018888365208457002,0.025575472553500095,2.230175547703554,0.8107316622605912,40.02,0.0472,17,4
UofM_only,combined,LightGBM,10,all,0.8218783992850303,0.020423648559212797,0.025017234307631468,2.4197696832314963,0.7893901385905407,7.44,0.0793,17,4
UofM_only,combined,XGBoost,10,all,0.7084887780609119,0.026405638265249345,0.032004322673757024,3.1585126859773527,0.6720991153255649,2.12,0.0749,17,4
UofM_only,combined,GradBoost,10,all,0.6417291174143802,0.028922372097412503,0.035480257104293034,3.464384206845868,0.6388551548537996,48.18,0.0467,17,4
UofM_only,combined,LightGBM,15,top3,0.35780841247115736,0.035336771953791674,0.04629861331791683,4.206522589892243,0.09414308674421867,5.07,0.0866,17,4
UofM_only,combined,XGBoost,15,top3,0.5375195841992715,0.03406880059863487,0.039290029153212495,3.9668942849999604,0.3318100474980571,0.85,0.0737,17,4
UofM_only,combined,GradBoost,15,top3,0.32083194021925165,0.037904707080726165,0.047612863840565414,4.502787752840228,0.039291655025836536,35.1,0.063,17,4
UofM_only,combined,LightGBM,15,top5,0.33497520599891917,0.0379130913071633,0.04711450105846852,4.409869720920178,0.05158485866350726,5.35,0.0822,17,4
UofM_only,combined,XGBoost,15,top5,0.6853522215055121,0.026829871911164847,0.03240768527455184,3.1318541331075083,0.546884386852839,0.92,0.0775,17,4
UofM_only,combined,GradBoost,15,top5,0.5463134206185962,0.02981789276337209,0.038914696159283856,3.5235975543460065,0.3186754905076815,35.55,0.0723,17,4
UofM_only,combined,LightGBM,15,top10,0.6221640583758501,0.028424079801316705,0.035512995926285026,3.349321466542869,0.6151211679788373,5.83,0.0886,17,4
UofM_only,combined,XGBoost,15,top10,0.710769787745372,0.024414773494047776,0.031071162749640783,2.865029565368818,0.6889754384134643,1.27,0.0789,17,4
UofM_only,combined,GradBoost,15,top10,0.754171257197165,0.02294755469928843,0.028645209819758637,2.6771196124700594,0.7320252465569986,39.78,0.0563,17,4
UofM_only,combined,LightGBM,15,top20,0.8551798344722659,0.017868020481564332,0.02198620117212433,2.1004493841938077,0.806583840606057,5.21,0.0771,17,4
UofM_only,combined,XGBoost,15,top20,0.8474142676768917,0.01872578997369026,0.022567977535294017,2.198604124474387,0.8128207529582514,1.3,0.0817,17,4
UofM_only,combined,GradBoost,15,top20,0.6880844131161827,0.02486814521844194,0.03226667512723063,2.9376175880638113,0.6763690576150254,40.1,0.0476,17,4
UofM_only,combined,LightGBM,15,all,0.8800264782148459,0.01598884283647241,0.020011441860026652,1.8760200436405594,0.8462925134511767,8.33,0.0791,17,4
UofM_only,combined,XGBoost,15,all,0.7773033762827757,0.0220194767525201,0.02726418337116605,2.612109813663075,0.7642952716661942,1.97,0.0772,17,4
UofM_only,combined,GradBoost,15,all,0.7687473069848243,0.02244303759224469,0.027782996046254563,2.624720804518648,0.7025612486836217,47.0,0.0547,17,4
UofM_only,combined,LightGBM,30,top3,0.45693426287416783,0.027407906757067124,0.04004959795350685,3.2535406644654015,0.1782439912674797,4.77,0.0769,17,4
UofM_only,combined,XGBoost,30,top3,0.4218617996504378,0.03678966062391925,0.041322614539329956,4.289687830242254,0.1529831042043614,0.84,0.0688,17,4
UofM_only,combined,GradBoost,30,top3,0.375025264850145,0.03062976390585315,0.042963849796702654,3.6359075153765676,0.035871943292745345,34.79,0.0472,17,4
UofM_only,combined,LightGBM,30,top5,0.5767876289933372,0.02656056430490413,0.03535502397614894,3.16600421739798,0.3361510161312251,5.19,0.0861,17,4
UofM_only,combined,XGBoost,30,top5,0.6974409460521919,0.02509358825884156,0.029893518555021075,2.9373744491423945,0.53922274726917,0.89,0.073,17,4
UofM_only,combined,GradBoost,30,top5,0.7092586136946375,0.022097444558793797,0.029303897560377677,2.632377247747122,0.5602826763348239,35.12,0.0472,17,4
UofM_only,combined,LightGBM,30,top10,0.68241123496213,0.025867311738923374,0.030627004635672323,3.0926036771252496,0.6136136340948756,5.08,0.0909,17,4
UofM_only,combined,XGBoost,30,top10,0.6970199359246396,0.025777749491054706,0.02991430970103971,3.0686402737148546,0.6362769973937348,1.1,0.0752,17,4
UofM_only,combined,GradBoost,30,top10,0.7349984732288415,0.02395672915910958,0.02797667817575987,2.8500828674147414,0.6840799555172968,37.22,0.0474,17,4
UofM_only,combined,LightGBM,30,top20,0.6800043438053429,0.024959479893601994,0.03074284111187385,2.9838001469224005,0.6702883855320809,5.66,0.0859,17,4
UofM_only,combined,XGBoost,30,top20,0.7589484431147879,0.022252857936415103,0.026682525271408113,2.668822411722978,0.7258184215527864,1.42,0.0795,17,4
UofM_only,combined,GradBoost,30,top20,0.6757717930171407,0.025328763833729537,0.030945489465007664,3.0187882199723686,0.6379775230940694,39.9,0.0415,17,4
UofM_only,combined,LightGBM,30,all,0.754420102198622,0.020955565095083756,0.02693198513974439,2.4700066623041765,0.7172313151901475,7.41,0.0793,17,4
UofM_only,combined,XGBoost,30,all,0.6968809534261261,0.024069991886156095,0.029921170034965854,2.8896652628559805,0.6566961283047383,1.92,0.0731,17,4
UofM_only,combined,GradBoost,30,all,0.7573452333035843,0.02090950441990382,0.026771109628377365,2.4673856642172622,0.7453997999371231,48.5,0.0476,17,4
UofM_only,combined,LightGBM,50,top3,0.5459099224562125,0.02584849242693012,0.03421860068980756,3.1448708733227027,0.4377588551266638,4.49,0.0749,17,4
UofM_only,combined,XGBoost,50,top3,0.4973550236936173,0.027948945772378504,0.036001609172993526,3.4195896952316893,0.42166576387932686,0.84,0.0724,17,4
UofM_only,combined,GradBoost,50,top3,0.3891032395730126,0.03022251639538549,0.03968945641205333,3.7197153438022212,0.294613608531687,34.35,0.0407,17,4
UofM_only,combined,LightGBM,50,top5,0.6035476974531111,0.02536678718185435,0.03197324474399701,3.071007031179074,0.5225750046825116,4.83,0.0732,17,4
UofM_only,combined,XGBoost,50,top5,0.5642317539473576,0.026265997967183357,0.03352115931057407,3.1932081189114863,0.47388278887330015,0.89,0.0669,17,4
UofM_only,combined,GradBoost,50,top5,0.5087972001340091,0.029265625656278913,0.035589481152380274,3.5349232611679082,0.41923702433411203,35.01,0.0481,17,4
UofM_only,combined,LightGBM,50,top10,0.38334397615753346,0.03201200878681897,0.03987610482077959,3.841944282512111,0.2796575977410184,5.32,0.0789,17,4
UofM_only,combined,XGBoost,50,top10,0.2695924919026188,0.03448760480458949,0.04339841357404173,4.133095079703965,0.23300304795542243,0.98,0.0758,17,4
UofM_only,combined,GradBoost,50,top10,0.33898886751102053,0.0320030201674336,0.04128531729481295,3.852779642060575,0.25727208205109064,36.22,0.0575,17,4
UofM_only,combined,LightGBM,50,top20,0.4109869224000149,0.029409468378634007,0.03897209104579422,3.5192204465846757,0.40568874594608195,5.78,0.086,17,4
UofM_only,combined,XGBoost,50,top20,0.6754568755736208,0.02363130278911886,0.02892860198233156,2.8493492049270053,0.6090517156363899,1.42,0.0872,17,4
UofM_only,combined,GradBoost,50,top20,0.7369823719325698,0.020384298110820775,0.026042559690523055,2.439011075321246,0.6873404242665279,40.46,0.06,17,4
UofM_only,combined,LightGBM,50,all,0.7226112510047151,0.01983560064944498,0.02674457252931021,2.3615985310996632,0.6935946161014264,7.12,0.0911,17,4
UofM_only,combined,XGBoost,50,all,0.8275936587226878,0.016183165299313237,0.02108472094752585,1.941101170678956,0.730916691959864,2.15,0.0767,17,4
UofM_only,combined,GradBoost,50,all,0.7909095014792037,0.017398694687046298,0.023219795409603203,2.0662055171235405,0.7275591749350907,51.28,0.0476,17,4
UofM_only,combined,Transformer,5,all,-0.09833747556501371,0.05011125220234199,0.06227601749650029,5.849961389257343,-0.21695738998360348,2.37,0.0057,17,4
UofM_only,combined,LSTM_Attn,5,all,-0.21936006437521494,0.05140926593673444,0.06561738435894224,5.95550035898005,-0.28338058395310844,4.48,0.0054,17,4
UofM_only,combined,TCN,5,all,-0.893312560602814,0.06825233437113448,0.08176436890016103,7.853682177797489,-1.1421910375230016,2.81,0.0038,17,4
UofM_only,combined,PINN,5,all,-1.0240794863211695,0.0671199972081755,0.08454086997064374,7.685006152873893,-1.2816952042330563,7.53,0.006,17,4
UofM_only,combined,HYBRID,5,all,-0.09100599387561914,0.05003419341145024,0.06206782103399329,5.875171531926835,-0.15089310484546187,2.83,0.007,17,4
UofM_only,combined,Transformer,10,all,-0.08317028102465507,0.04819448654229163,0.06028566366734506,5.684524883601764,-0.15919410652989563,2.89,0.0075,17,4
UofM_only,combined,LSTM_Attn,10,all,-0.1371049246514835,0.049640451357601714,0.061768342648705406,5.906441314376662,-0.16190791590229503,3.0,0.0054,17,4
UofM_only,combined,TCN,10,all,-0.5273500519606038,0.05734236190883018,0.07158713312592298,6.527451690112524,-0.704494641589047,2.67,0.0,17,4
UofM_only,combined,PINN,10,all,-0.18537170927170687,0.05078558848808623,0.06306566178198103,5.850965035951865,-0.33214491553214004,9.01,0.004,17,4
UofM_only,combined,HYBRID,10,all,-0.044714877167463474,0.04764216439971545,0.05920584284725715,5.497134409416124,-0.12722680756730065,3.01,0.004,17,4
UofM_only,combined,Transformer,15,all,-0.15383956589878411,0.04936605352235146,0.06078657040858974,5.821911980757643,-0.3003204494471882,3.02,0.004,17,4
UofM_only,combined,LSTM_Attn,15,all,0.022593936401979042,0.04524611770336686,0.055946438121700234,5.256240519813144,-0.05453216510992809,2.98,0.004,17,4
UofM_only,combined,TCN,15,all,-0.47091689063175957,0.05653197593114201,0.06863236982913305,6.411581223488476,-0.7250080071181059,2.84,0.0056,17,4
UofM_only,combined,PINN,15,all,-0.6439208616520444,0.05983829034823126,0.07255634228394676,6.7470895046002,-0.8212479060775089,7.4,0.006,17,4
UofM_only,combined,HYBRID,15,all,-0.023775380930209478,0.0464298395368332,0.05725814425804888,5.3558485264913696,-0.12199419705708758,3.23,0.0061,17,4
UofM_only,combined,Transformer,30,all,-0.15822844827881433,0.045842247252538895,0.0573667089760798,5.5149703501801195,-0.2559124667746157,2.84,0.004,17,4
UofM_only,combined,LSTM_Attn,30,all,-0.06105515466104183,0.044743330071503384,0.0549075166280555,5.337598142307243,-0.16712601519651132,4.22,0.0063,17,4
UofM_only,combined,TCN,30,all,-0.4451790535342237,0.05018315072726195,0.06408016939564298,5.877755257511976,-0.7295284872469096,2.09,0.0087,17,4
UofM_only,combined,PINN,30,all,-0.04451006996890383,0.04452647568126679,0.05447774690040428,5.276242571183483,-0.17216472700839044,5.69,0.0044,17,4
UofM_only,combined,HYBRID,30,all,-0.020344464229399062,0.043561169742303,0.053843865199025474,5.120658311504118,-0.1360507387565975,3.66,0.0066,17,4
UofM_only,combined,Transformer,50,all,-0.19594121317016544,0.043684812434667056,0.054648738257276765,5.279761046593424,-0.4427941630613546,2.2,0.0017,17,4
UofM_only,combined,LSTM_Attn,50,all,-0.047531087707004094,0.040722504915927264,0.05114564776627102,4.912413480955567,-0.1405993142966942,4.87,0.0057,17,4
UofM_only,combined,TCN,50,all,0.018029146566701293,0.03977808076596144,0.04951930284303634,4.746076795056618,-0.07775874295102214,3.19,0.0081,17,4
UofM_only,combined,PINN,50,all,-0.5522199392610947,0.04836689104455082,0.062258958616742244,5.767429031262265,-0.9058905685555256,5.03,0.0,17,4
UofM_only,combined,HYBRID,50,all,-0.028760308135510337,0.041362978474303765,0.05068533521171412,4.917235585222661,-0.19437686701739992,3.94,0.0153,17,4
ISU_train_UofM_test,combined,LightGBM,3,top3,0.4593554217877984,0.04237957027518912,0.05956245757184278,5.412924970947068,0.2744833452082804,10.03,0.4122,251,21
ISU_train_UofM_test,combined,XGBoost,3,top3,0.4427873916694057,0.04417312990149101,0.06046821519984472,5.639818760620468,0.2564524344726364,5.38,0.3696,251,21
ISU_train_UofM_test,combined,GradBoost,3,top3,0.48372669811520386,0.04161640915053842,0.05820449372878978,5.316372918426484,0.3484878730700954,117.35,0.252,251,21
ISU_train_UofM_test,combined,LightGBM,3,top5,0.17622235656396357,0.050782381005684954,0.07352273993204102,6.256245836701297,-0.4467186129643287,12.97,0.4217,251,21
ISU_train_UofM_test,combined,XGBoost,3,top5,0.3446626493281091,0.04652815511035137,0.0655766373573593,5.779807140566751,-0.09182570913974587,6.74,0.4132,251,21
ISU_train_UofM_test,combined,GradBoost,3,top5,-0.007196180809515784,0.05598151912209964,0.08129684988237992,6.9497763279229,-0.6042433436368277,141.67,0.2679,251,21
ISU_train_UofM_test,combined,LightGBM,3,top10,0.39081397569648,0.04865214431858958,0.063225409120342,5.991823686704088,-0.08375118948124466,14.82,0.393,251,21
ISU_train_UofM_test,combined,XGBoost,3,top10,0.3954881212801188,0.04715738417969907,0.06298238497518369,5.791793046692124,-0.05333859633717494,9.23,0.365,251,21
ISU_train_UofM_test,combined,GradBoost,3,top10,0.07284875117636636,0.05824517678348828,0.07799952831381547,7.317752059443866,-0.4028119300864878,188.43,0.2859,251,21
ISU_train_UofM_test,combined,LightGBM,3,top20,0.49220661898530627,0.04442320220333989,0.057724502735262494,5.4874629918089015,0.12280075817269255,18.35,0.3805,251,21
ISU_train_UofM_test,combined,XGBoost,3,top20,0.46217737670813863,0.04422348738961133,0.059406807739465654,5.436672769725089,0.05988763939844411,14.48,0.3765,251,21
ISU_train_UofM_test,combined,GradBoost,3,top20,0.00048209903531948317,0.05738332223460634,0.08098637700479257,7.255107011199212,-0.42751977882967396,274.3,0.2789,251,21
ISU_train_UofM_test,combined,LightGBM,3,all,0.4715538289671758,0.04575608976678255,0.05888667872602644,5.664497078354435,0.12896060599938322,27.85,0.4175,251,21
ISU_train_UofM_test,combined,XGBoost,3,all,0.4695071004976148,0.044235759931544716,0.05900060571830077,5.471062352433404,0.11386250678569713,27.7,0.4,251,21
ISU_train_UofM_test,combined,LightGBM,5,top3,0.44091966155637397,0.04267724484619867,0.05982739513178957,5.453613600799199,0.230093865839949,11.29,0.4058,251,21
ISU_train_UofM_test,combined,XGBoost,5,top3,0.4237938750359438,0.04448631698310296,0.060736801806286184,5.682522696747838,0.21163723566142148,5.54,0.3966,251,21
ISU_train_UofM_test,combined,GradBoost,5,top3,0.4661912571696323,0.04189642193143445,0.058459598153911885,5.355129141117305,0.3116566862820636,117.53,0.2413,251,21
ISU_train_UofM_test,combined,LightGBM,5,top5,0.13278162920879355,0.052485891242759604,0.07451217131410164,6.504714937673231,-0.47426924481584426,12.44,0.4211,251,21
ISU_train_UofM_test,combined,XGBoost,5,top5,0.42327791926592284,0.044245984852002256,0.06076398868433489,5.478238976692932,-0.009826183921831707,6.42,0.3804,251,21
ISU_train_UofM_test,combined,GradBoost,5,top5,0.1065853948645129,0.05076344713578727,0.07562920033570601,6.319677977454827,-0.44010199879723527,149.44,0.2256,251,21
ISU_train_UofM_test,combined,LightGBM,5,top10,0.3889554267506736,0.04923649866118397,0.06254598411468061,6.057731621456903,-0.13689866346707694,13.51,0.3953,251,21
ISU_train_UofM_test,combined,XGBoost,5,top10,0.440773200180819,0.04462918706046817,0.059835231061790534,5.483110265990323,-0.006487358570247948,9.58,0.3806,251,21
ISU_train_UofM_test,combined,GradBoost,5,top10,-0.6755249260974399,0.07588083252220017,0.10357106237241498,9.579610050484067,-1.4218967256228747,186.04,0.2897,251,21
ISU_train_UofM_test,combined,LightGBM,5,top20,0.4865317583935532,0.0453286677746375,0.0573349948924305,5.600325303958884,0.0815256553637618,18.24,0.4436,251,21
ISU_train_UofM_test,combined,XGBoost,5,top20,0.42150425329089647,0.04531347758548734,0.06085735452421745,5.632398002385925,0.016878942590423458,14.75,0.36,251,21
ISU_train_UofM_test,combined,GradBoost,5,top20,-0.21617125828421813,0.062407656466269994,0.08823895420348311,7.905096913199504,-0.7307343124265261,272.51,0.2647,251,21
ISU_train_UofM_test,combined,LightGBM,5,all,0.5764253297618247,0.04118569067808642,0.05207484371035454,5.085417417451621,0.27639673354474537,30.22,0.4093,251,21
ISU_train_UofM_test,combined,XGBoost,5,all,0.40393932106731945,0.046669574416659566,0.061774355217608615,5.7752409542115135,-0.03594879643414744,26.94,0.3887,251,21
ISU_train_UofM_test,combined,LightGBM,10,top3,0.4570081434733081,0.04144471236569784,0.05799089936699486,5.320261445035567,0.33616689295615176,10.04,0.388,251,21
ISU_train_UofM_test,combined,XGBoost,10,top3,0.40304891561376643,0.04473689210905844,0.06080405717636071,5.72207217877184,0.14976395377682447,5.24,0.3711,251,21
ISU_train_UofM_test,combined,GradBoost,10,top3,0.46478800529639974,0.04111866822458852,0.057573960426087645,5.274181904291062,0.3508450715941655,115.49,0.265,251,21
ISU_train_UofM_test,combined,LightGBM,10,top5,0.0725491197836855,0.054252241999159574,0.07578943070562301,6.711368198310725,-0.5761680679007486,10.97,0.4173,251,21
ISU_train_UofM_test,combined,XGBoost,10,top5,0.38001233911809673,0.045298619739268,0.0619661778391279,5.618829494527557,-0.09545194330730353,6.43,0.3928,251,21
ISU_train_UofM_test,combined,GradBoost,10,top5,-0.015184203151547448,0.053289260486191245,0.07929313916454313,6.620793840757129,-0.5954239839535902,142.04,0.2706,251,21
ISU_train_UofM_test,combined,LightGBM,10,top10,0.4376799800366722,0.047028612001184966,0.05901398729692903,5.791870369768469,-0.041031172981845186,13.38,0.3966,251,21
ISU_train_UofM_test,combined,XGBoost,10,top10,0.31383723732191204,0.049616701644774504,0.0651893662257592,6.128387042722059,-0.3030138272351116,9.38,0.3715,251,21
ISU_train_UofM_test,combined,GradBoost,10,top10,0.03519778413854113,0.05623229957760576,0.07730050517241968,7.124466804145377,-0.3981579161313533,187.61,0.2704,251,21
ISU_train_UofM_test,combined,LightGBM,10,top20,0.4890378278010411,0.04474151512161593,0.05625453779156911,5.516534533291657,0.10216039750689564,21.15,0.4087,251,21
ISU_train_UofM_test,combined,XGBoost,10,top20,0.41011245388502204,0.04605850852336692,0.060443248828733934,5.7577607941439535,-0.059007825949822644,14.88,0.3933,251,21
ISU_train_UofM_test,combined,GradBoost,10,top20,-0.3076622997212648,0.06290978569253491,0.08999346786997736,7.989088258771443,-0.8128482181896375,262.15,0.2302,251,21
ISU_train_UofM_test,combined,LightGBM,10,all,0.5288849771788857,0.04306384945092102,0.05401652760311096,5.293886434499687,0.162858691500929,34.09,0.4057,251,21
ISU_train_UofM_test,combined,XGBoost,10,all,0.38344261629965615,0.04806142893481084,0.061794516360275234,5.958193644747299,-0.07293345655617181,27.95,0.4105,251,21
ISU_train_UofM_test,combined,LightGBM,15,top3,0.4513533883892993,0.04058877155764078,0.057341991598068104,5.234782692734523,0.360144537054546,9.77,0.4097,251,21
ISU_train_UofM_test,combined,XGBoost,15,top3,0.42504042759628935,0.04261097860657302,0.058700942794763435,5.491076894852077,0.31200945683216147,5.26,0.3628,251,21
ISU_train_UofM_test,combined,GradBoost,15,top3,0.4529743332371752,0.040684270044901494,0.05725722213261109,5.235555952199868,0.35549825373661537,116.54,0.2566,251,21
ISU_train_UofM_test,combined,LightGBM,15,top5,0.013923242291298599,0.05660702470066762,0.07687440780805314,7.014200236115616,-0.6742361937986197,11.25,0.4438,251,21
ISU_train_UofM_test,combined,XGBoost,15,top5,0.40305945646936636,0.04110830198523531,0.059812500728441326,5.157461392182086,0.05747286294046469,6.52,0.3706,251,21
ISU_train_UofM_test,combined,GradBoost,15,top5,0.017064972728529026,0.05179529477666473,0.07675184567120065,6.433717446296108,-0.5831373494377091,142.58,0.2719,251,21
ISU_train_UofM_test,combined,LightGBM,15,top10,0.4622484699665551,0.04452755534935312,0.05676978499697143,5.515215115295007,0.0676625397706691,14.35,0.3905,251,21
ISU_train_UofM_test,combined,XGBoost,15,top10,0.4345436772984824,0.043662461007387174,0.05821380065004454,5.413657224114253,-0.019450359428995593,9.41,0.3833,251,21
ISU_train_UofM_test,combined,GradBoost,15,top10,0.18500185485747667,0.0511564504491925,0.06988834113819434,6.454795962931542,-0.19961090112469937,189.16,0.3001,251,21
ISU_train_UofM_test,combined,LightGBM,15,top20,0.43653914431283536,0.04313219950750484,0.05811099307718269,5.397009090111906,0.11834422546165128,20.36,0.4259,251,21
ISU_train_UofM_test,combined,XGBoost,15,top20,0.5266076683647524,0.040430396169016954,0.053264399034638275,5.044816558220861,0.22967937587063267,14.89,0.405,251,21
ISU_train_UofM_test,combined,GradBoost,15,top20,-0.31180241621939087,0.06181190546154627,0.08866671840230839,7.890532649409038,-0.8094254959589234,274.62,0.286,251,21
ISU_train_UofM_test,combined,LightGBM,15,all,0.5987652539319139,0.038206491528206,0.04903720285933152,4.732652920950174,0.30622615384973856,32.79,0.4349,251,21
ISU_train_UofM_test,combined,XGBoost,15,all,0.44906703389309477,0.044586908102699094,0.05746134694910157,5.54967438807418,0.018939293030039637,27.6,0.3896,251,21
ISU_train_UofM_test,combined,LightGBM,30,top3,0.37109840935538874,0.04134988972473425,0.05860305032238349,5.393369200948053,0.198676666351114,9.67,0.4072,251,21
ISU_train_UofM_test,combined,XGBoost,30,top3,0.34104820368030964,0.04316975245750561,0.05998680045919301,5.620035232046069,0.17551758173110446,5.33,0.3614,251,21
ISU_train_UofM_test,combined,GradBoost,30,top3,0.3220129881532766,0.04350759555784431,0.06084705488712452,5.6613855421544494,0.1285610330491544,114.05,0.2262,251,21
ISU_train_UofM_test,combined,LightGBM,30,top5,0.02722524353617084,0.04433142230297997,0.07288447357875995,5.585538266849629,-0.5162206921825454,11.95,0.3981,251,21
ISU_train_UofM_test,combined,XGBoost,30,top5,0.35639413928813324,0.03858480850099147,0.0592841872563694,4.903665299158364,0.08754178180740294,6.47,0.3735,251,21
ISU_train_UofM_test,combined,GradBoost,30,top5,-0.06217373205804355,0.04581817626058439,0.07615995061757592,5.780244442380282,-0.5840132573091988,141.7,0.2936,251,21
ISU_train_UofM_test,combined,LightGBM,30,top10,0.503872864097242,0.03950242790695718,0.05205055517788859,4.94564743076755,0.26112987772308777,13.79,0.4289,251,21
ISU_train_UofM_test,combined,XGBoost,30,top10,0.44078716929144346,0.04089064821374826,0.05526083450554742,5.122475156246608,0.11696791144468877,9.37,0.3794,251,21
ISU_train_UofM_test,combined,GradBoost,30,top10,0.006386297130213547,0.05010773780072777,0.07366100864841063,6.447477679685434,-0.3808401921386829,185.98,0.2655,251,21
ISU_train_UofM_test,combined,LightGBM,30,top20,0.5987245351190359,0.035952757246701494,0.046811243568910664,4.529904022087293,0.4242535549930352,17.95,0.4071,251,21
ISU_train_UofM_test,combined,XGBoost,30,top20,0.40241344090350484,0.04285254260945838,0.05712540415773576,5.387550178707038,0.06377695735161867,14.8,0.3952,251,21
ISU_train_UofM_test,combined,GradBoost,30,top20,-0.5473840801657641,0.06513785138625346,0.09192379329910672,8.347639546345539,-1.1160220780386116,276.55,0.2705,251,21
ISU_train_UofM_test,combined,LightGBM,30,all,0.5959083143631767,0.03535305174121405,0.04697522107630869,4.459001115009395,0.4027850815542716,31.47,0.4089,251,21
ISU_train_UofM_test,combined,XGBoost,30,all,0.2616057196396875,0.04826978077941342,0.06349989940330951,6.098636988323932,-0.1157384933900435,27.77,0.4077,251,21
ISU_train_UofM_test,combined,LightGBM,50,top3,0.16407891632588345,0.04789996845654033,0.06470525825244691,6.247311935132546,-0.42726451666276055,11.06,0.3932,251,21
ISU_train_UofM_test,combined,XGBoost,50,top3,0.29962425659067393,0.04325985257020481,0.05922737482555715,5.63079734833961,-0.2334249819577169,5.34,0.3696,251,21
ISU_train_UofM_test,combined,GradBoost,50,top3,0.1388343675356748,0.04929976412798561,0.06567503004179048,6.419958862206074,-0.5154808477571027,116.54,0.2638,251,21
ISU_train_UofM_test,combined,LightGBM,50,top5,-0.12337584845994143,0.04573679043521753,0.07501005375110906,5.807868164661025,-0.8581688872682088,11.79,0.4053,251,21
ISU_train_UofM_test,combined,XGBoost,50,top5,0.24895310848419572,0.03936369026690579,0.061332470949217094,5.0318227758760585,-0.1756501627235784,6.5,0.3801,251,21
ISU_train_UofM_test,combined,GradBoost,50,top5,0.021119502398646017,0.042809673838931674,0.07001994629907024,5.438802671958587,-0.5618428941768017,141.75,0.2475,251,21
ISU_train_UofM_test,combined,LightGBM,50,top10,0.46797706272087825,0.0373142243423167,0.05162048891846544,4.7504324200196955,0.11222398778060405,13.56,0.4186,251,21
ISU_train_UofM_test,combined,XGBoost,50,top10,0.2583729994826146,0.04578271619204517,0.060946630718542304,5.821695097337526,-0.29368571138746524,9.73,0.3734,251,21
ISU_train_UofM_test,combined,GradBoost,50,top10,-0.07647511301674004,0.05460853582694785,0.07342753217169726,6.974143744514742,-0.7711486289281982,186.76,0.27,251,21
ISU_train_UofM_test,combined,LightGBM,50,top20,0.3946508124008169,0.04318006602695238,0.05506300607085357,5.514130355458535,-0.0022812241504980924,18.25,0.3909,251,21
ISU_train_UofM_test,combined,XGBoost,50,top20,0.3187824194862551,0.04584728449360561,0.05841170175290123,5.8271400433569145,-0.14112124124605702,14.39,0.386,251,21
ISU_train_UofM_test,combined,GradBoost,50,top20,-0.1767421325441474,0.05590061887788496,0.07677106882656647,7.166914535511422,-0.7038460713730246,274.39,0.223,251,21
ISU_train_UofM_test,combined,LightGBM,50,all,0.3775071797667484,0.044613076977228175,0.05583726126818928,5.690447815517452,-0.03053747403385793,38.19,0.3984,251,21
ISU_train_UofM_test,combined,XGBoost,50,all,0.1264516863125208,0.05339159820712929,0.06614551469460918,6.737041425362814,-0.4236392908338014,28.02,0.3898,251,21
ISU_train_UofM_test,combined,Transformer,5,all,0.32876969926027555,0.05091227782695776,0.06621470929929173,6.0960140239063145,0.06314328881333371,47.29,0.0101,251,21
ISU_train_UofM_test,combined,LSTM_Attn,5,all,-24.828277548574377,0.40162593209879305,0.4107394549206341,47.344151046727625,-44.995568413823875,127.39,0.01,251,21
ISU_train_UofM_test,combined,TCN,5,all,-8.431690024037195,0.21102141755917136,0.24820667664673837,24.8424704524744,-20.479559946079444,16.76,0.0219,251,21
ISU_train_UofM_test,combined,PINN,5,all,-2.2439690971877013,0.11693134123625977,0.14556503002358792,13.71939478530136,-5.654276378378782,47.37,0.0235,251,21
ISU_train_UofM_test,combined,HYBRID,5,all,-0.8719134370493644,0.08793303554906265,0.110576179594574,11.04265894472569,-1.5557490121999769,18.28,0.0177,251,21
ISU_train_UofM_test,combined,Transformer,10,all,0.2180566919214424,0.053420750448896305,0.07016297812287671,6.314377227687578,-0.2666034909914397,41.75,0.0,251,21
ISU_train_UofM_test,combined,LSTM_Attn,10,all,-15.184848065167404,0.3041962795795205,0.31920868162876703,36.43620704036312,-22.690410120267167,128.86,0.0118,251,21
ISU_train_UofM_test,combined,TCN,10,all,-3.5702404212509498,0.13991505504757415,0.1696250171689468,17.235267117053105,-5.5594345649307035,16.66,0.0121,251,21
ISU_train_UofM_test,combined,PINN,10,all,-2.5879114307859483,0.10336768620324936,0.15029385978161172,12.585767640419535,-2.982669064142924,42.71,0.0371,251,21
ISU_train_UofM_test,combined,HYBRID,10,all,-0.07496242886232807,0.06660670966042409,0.08226536402463068,7.991640288833232,-0.5627889778067553,20.78,0.0035,251,21
ISU_train_UofM_test,combined,Transformer,15,all,0.010635120935515996,0.05963414323819454,0.07758877553915555,7.186625258475708,-0.6955542452924716,60.49,0.0192,251,21
ISU_train_UofM_test,combined,LSTM_Attn,15,all,-1.762816810969308,0.11734423439383339,0.1296572178328353,13.994955124843681,-3.228645558327019,119.59,0.016,251,21
ISU_train_UofM_test,combined,TCN,15,all,-15.710684025139738,0.28656446928128243,0.31887301423975994,35.59698766810143,-28.881006951485308,17.8,0.0095,251,21
ISU_train_UofM_test,combined,PINN,15,all,-3.902553652128878,0.13961132501823417,0.172715705517098,16.51496813223506,-9.672097702939176,33.28,0.0236,251,21
ISU_train_UofM_test,combined,HYBRID,15,all,-0.05695745676433894,0.06374838282275593,0.08019539057905757,8.039974986245142,-0.24115752542013816,18.85,0.0041,251,21
ISU_train_UofM_test,combined,Transformer,30,all,-0.38087358451788367,0.072528362416963,0.0878051025014945,8.774224345441548,-1.793592205467258,21.4,0.0129,251,21
ISU_train_UofM_test,combined,LSTM_Attn,30,all,-0.8753761210729678,0.08122430844468786,0.10232623247690902,9.606148396414277,-1.8044466417822111,137.36,0.0146,251,21
ISU_train_UofM_test,combined,TCN,30,all,-5.021869448771077,0.14587109658481834,0.18336163013107135,18.33639736212119,-7.084075206351276,16.75,0.0142,251,21
ISU_train_UofM_test,combined,PINN,30,all,-6.075444091146747,0.16560891175098977,0.19875572412381215,19.5986586632322,-20.361859574331238,33.21,0.0172,251,21
ISU_train_UofM_test,combined,HYBRID,30,all,-0.24839883595563794,0.06531648273233315,0.08348711828520232,8.424070013643053,-0.4868952000215887,23.11,0.0174,251,21
ISU_train_UofM_test,combined,Transformer,50,all,0.25400608309291406,0.04746617919581612,0.061938923943772636,6.01231409392,-0.06135512912462613,61.62,0.0141,251,21
ISU_train_UofM_test,combined,LSTM_Attn,50,all,0.09376832935685553,0.055935118599517636,0.06826775652726906,6.740688180639702,-0.7598938160967624,145.61,0.0118,251,21
ISU_train_UofM_test,combined,TCN,50,all,-46.293008066617176,0.4579034185272284,0.4931675380903937,56.61863188736539,-94.37283028860436,17.44,0.0118,251,21
ISU_train_UofM_test,combined,PINN,50,all,-0.3180555078340235,0.06791577313502564,0.08233090005861052,8.34734937682262,-2.427770927461483,52.38,0.0234,251,21
ISU_train_UofM_test,combined,HYBRID,50,all,-0.2691558883118963,0.06802439031487864,0.08078923534235526,8.240066402103803,-2.0180791587603615,26.38,0.0138,251,21
UofM_train_ISU_test,combined,LightGBM,3,top3,0.394432840396161,0.08961185111622355,0.11393223147562954,13.180907041973047,0.28326026524446896,15.16,5.307,21,251
UofM_train_ISU_test,combined,XGBoost,3,top3,0.3693916471841311,0.09429465509534272,0.11626401204480155,13.478768349168405,0.23389188906639924,1.03,5.0594,21,251
UofM_train_ISU_test,combined,GradBoost,3,top3,0.4177271366121589,0.08780276322645537,0.11171943258353896,12.943905095905226,0.3126012405671417,40.62,4.2811,21,251
UofM_train_ISU_test,combined,LightGBM,3,top5,0.22880148955910584,0.10926022204545034,0.12857263279464032,14.722390089468623,0.01793514007983144,5.2,5.1048,21,251
UofM_train_ISU_test,combined,XGBoost,3,top5,0.29130836762677925,0.10193861701212673,0.1232520349908774,14.574804984662595,0.16021210823839116,0.96,4.8975,21,251
UofM_train_ISU_test,combined,GradBoost,3,top5,0.1546715492420485,0.11384163869220415,0.1346102680519993,15.038457146320832,-0.11114729638362471,41.18,3.8452,21,251
UofM_train_ISU_test,combined,LightGBM,3,top10,0.15804796175339186,0.11507918782786541,0.13434116877915528,15.453151078578964,-0.0837735108490668,5.15,5.2208,21,251
UofM_train_ISU_test,combined,XGBoost,3,top10,0.057443937930825584,0.12230696238731617,0.1421408936409898,15.986467975268926,-0.24206277259432946,1.1,4.8677,21,251
UofM_train_ISU_test,combined,GradBoost,3,top10,0.2348414911754324,0.10870087282146089,0.12806815475283828,15.20274556042274,0.06182656938242274,39.52,3.1198,21,251
UofM_train_ISU_test,combined,LightGBM,3,top20,0.2874203964992851,0.1055654075700404,0.12358966061673209,14.740485209090137,0.1332170705527618,6.17,5.8777,21,251
UofM_train_ISU_test,combined,XGBoost,3,top20,0.3511523731120023,0.09364428141034925,0.1179333964659038,13.948209930482152,0.2576200524679577,1.44,5.0853,21,251
UofM_train_ISU_test,combined,GradBoost,3,top20,0.277042319878524,0.1072731283124998,0.124486393137425,14.524969721204183,0.051203764287964686,47.06,4.0689,21,251
UofM_train_ISU_test,combined,LightGBM,3,all,0.32328083277835684,0.10104095020897767,0.12043970547380144,14.427465545997087,0.19418875251940337,10.6,5.579,21,251
UofM_train_ISU_test,combined,XGBoost,3,all,0.14426762996903797,0.1187109421563022,0.1354360959151316,15.579920037364941,-0.14888648920943404,2.45,5.6236,21,251
UofM_train_ISU_test,combined,GradBoost,3,all,0.3346564607476621,0.09951915064560346,0.11942312134549568,14.24305748121742,0.20156946478741383,51.36,3.2208,21,251
UofM_train_ISU_test,combined,LightGBM,5,top3,0.3924248793494819,0.0897719315441792,0.11404995557268197,13.205774670486322,0.2772418850009187,5.31,5.3416,21,251
UofM_train_ISU_test,combined,XGBoost,5,top3,0.36729093276652613,0.0944716962487931,0.11638503959717848,13.50497800051054,0.22723339508714333,0.92,4.9428,21,251
UofM_train_ISU_test,combined,GradBoost,5,top3,0.41579269683805364,0.08796237244011587,0.11183522618081407,12.968610003707692,0.3056534097336309,39.81,4.0164,21,251
UofM_train_ISU_test,combined,LightGBM,5,top5,0.22890332190268547,0.10928971398619133,0.12848414700571045,14.748463598697429,0.015107327753253567,5.52,5.1018,21,251
UofM_train_ISU_test,combined,XGBoost,5,top5,0.28090094584149083,0.10286056410268532,0.12407648687790089,14.660925414149748,0.14033798590532662,0.96,4.8515,21,251
UofM_train_ISU_test,combined,GradBoost,5,top5,0.1567150767101465,0.11388363713063326,0.13436380607755052,15.106512444184943,-0.11737880441690948,40.27,3.6973,21,251
UofM_train_ISU_test,combined,LightGBM,5,top10,0.1883639735048045,0.11424982303595892,0.1318183246181835,15.340372872168167,-0.05682809779389299,5.26,5.6557,21,251
UofM_train_ISU_test,combined,XGBoost,5,top10,0.20636055293834632,0.11206110372629145,0.130348714486109,15.173068512348467,-0.00945461932666694,1.18,5.0394,21,251
UofM_train_ISU_test,combined,GradBoost,5,top10,-0.1061147067619197,0.13287125339960448,0.15388461874031084,17.000253280515967,-0.5701071876373469,39.96,3.1997,21,251
UofM_train_ISU_test,combined,LightGBM,5,top20,0.29095163338189556,0.10511471940451479,0.12320634098995109,14.630201511722232,0.1149683810220546,5.83,5.9376,21,251
UofM_train_ISU_test,combined,XGBoost,5,top20,0.34625512047980866,0.09400911879950848,0.11830395934957132,13.998314808692433,0.24274501462090164,1.52,5.0286,21,251
UofM_train_ISU_test,combined,GradBoost,5,top20,0.33228111376839775,0.09919017286961977,0.11956166647183868,14.293696620336679,0.20075915535658093,44.36,3.2214,21,251
UofM_train_ISU_test,combined,LightGBM,5,all,0.28981029927282886,0.10442933194893829,0.12330546191296714,14.819943600134843,0.1409695179230859,7.84,5.3428,21,251
UofM_train_ISU_test,combined,XGBoost,5,all,0.08877019372222661,0.12213167522074787,0.1396719151257465,15.91648445264258,-0.25022199628885244,2.36,5.1585,21,251
UofM_train_ISU_test,combined,GradBoost,5,all,0.34651017168265175,0.09927248718053754,0.11828087961952516,14.148661203762394,0.20358234461290314,51.32,3.1449,21,251
UofM_train_ISU_test,combined,LightGBM,10,top3,0.38531583788219725,0.09036354381922183,0.11446914157768744,13.296538149586246,0.2593015966292925,4.65,5.4111,21,251
UofM_train_ISU_test,combined,XGBoost,10,top3,0.35979933675555875,0.09513228556526344,0.11682088021553337,13.601592481601333,0.20665808590401133,0.92,4.9379,21,251
UofM_train_ISU_test,combined,GradBoost,10,top3,0.409030154534638,0.08852565391388165,0.11223933244643328,13.056003544327332,0.28641592802905635,40.09,4.0123,21,251
UofM_train_ISU_test,combined,LightGBM,10,top5,0.19363449003564748,0.1115765203287174,0.13110775661160584,15.007864811906002,-0.04312334306068754,5.64,5.2987,21,251
UofM_train_ISU_test,combined,XGBoost,10,top5,-0.003487905389909063,0.12446417434652937,0.146257614467047,16.18134060975535,-0.3802760992766331,1.0,5.0085,21,251
UofM_train_ISU_test,combined,GradBoost,10,top5,-0.18119572086139923,0.13428644805816456,0.1586804220184649,17.046546273893853,-0.6290082605045995,38.05,3.0566,21,251
UofM_train_ISU_test,combined,LightGBM,10,top10,0.2419738209536777,0.10864597545656321,0.1271172581038941,14.937746983344224,0.01425603278698543,5.63,5.4057,21,251
UofM_train_ISU_test,combined,XGBoost,10,top10,0.06506742902093554,0.1200862766697651,0.14117329759579428,15.643957245398612,-0.3149761281089497,1.21,5.1461,21,251
UofM_train_ISU_test,combined,GradBoost,10,top10,0.1973877579261647,0.11218916956645567,0.13080227698165964,15.041770122755604,-0.12088102062955561,42.1,3.9387,21,251
UofM_train_ISU_test,combined,LightGBM,10,top20,0.32711733236543916,0.09791677458921799,0.11976559742376024,14.32692664557836,0.1868492269643868,5.59,5.2149,21,251
UofM_train_ISU_test,combined,XGBoost,10,top20,0.30914843368167944,0.10309022518392445,0.12135419329915731,14.189889588354157,0.08632597395448158,1.53,5.1493,21,251
UofM_train_ISU_test,combined,GradBoost,10,top20,0.35628716818029327,0.09544312680565706,0.11714088413205581,13.970980609002707,0.1992988110860408,45.4,3.4681,21,251
UofM_train_ISU_test,combined,LightGBM,10,all,0.33916666799706796,0.09504939574099959,0.11868842985627288,14.13649216854322,0.19361666477670436,8.0,5.2154,21,251
UofM_train_ISU_test,combined,XGBoost,10,all,0.32382791835861535,0.0980406705499775,0.12005798000041785,14.377872658151977,0.16824146427773204,2.25,5.0021,21,251
UofM_train_ISU_test,combined,GradBoost,10,all,0.38702499577640015,0.09409317079051319,0.11430988741186551,13.617192130704089,0.22749038399398452,53.53,3.2795,21,251
UofM_train_ISU_test,combined,LightGBM,15,top3,0.3796584625347409,0.09066404842083102,0.11476649811696034,13.353297037349293,0.24019075847895702,5.11,5.3449,21,251
UofM_train_ISU_test,combined,XGBoost,15,top3,0.35223344262832224,0.09567941675676986,0.11727595021821513,13.688602853155999,0.17957295686455582,0.9,5.016,21,251
UofM_train_ISU_test,combined,GradBoost,15,top3,0.4031611568172684,0.08896522875498258,0.11257144454379236,13.129038689312864,0.26138986424540694,39.97,3.9414,21,251
UofM_train_ISU_test,combined,LightGBM,15,top5,0.19450523077139292,0.11134513762013921,0.1307769069166219,15.039361646707253,-0.053343142848708884,5.79,5.3496,21,251
UofM_train_ISU_test,combined,XGBoost,15,top5,-0.003898123980382806,0.1246676582018209,0.14599719787751042,16.21215474927719,-0.40713395743188474,1.06,5.1737,21,251
UofM_train_ISU_test,combined,GradBoost,15,top5,0.06793320144247039,0.12058556701638534,0.14067703885941168,15.865271536112866,-0.26464395544637653,39.14,3.7444,21,251
UofM_train_ISU_test,combined,LightGBM,15,top10,0.24198441883073474,0.10936392607417524,0.12686410661958594,14.99655769330374,0.01724015683365948,5.34,5.4005,21,251
UofM_train_ISU_test,combined,XGBoost,15,top10,0.2242005230507922,0.10991678720092139,0.12834366602010702,15.121393328193852,-0.0011112742005929476,1.16,5.0294,21,251
UofM_train_ISU_test,combined,GradBoost,15,top10,-0.1599411296900639,0.13413783592940834,0.15693422722453002,17.09147716922712,-0.6941423810689564,39.73,3.178,21,251
UofM_train_ISU_test,combined,LightGBM,15,top20,0.30622187273601487,0.1021888204407507,0.12136962245800655,14.51350124516208,0.12911984329046108,5.78,5.4499,21,251
UofM_train_ISU_test,combined,XGBoost,15,top20,0.3169467855585356,0.10219955694964593,0.12042785995588527,14.059455982088389,0.06059726063725655,1.56,5.1244,21,251
UofM_train_ISU_test,combined,GradBoost,15,top20,0.276309654069835,0.10057797757520809,0.12395843618693037,14.831132150644155,0.09455208082690655,45.98,3.5474,21,251
UofM_train_ISU_test,combined,LightGBM,15,all,0.34522207530532223,0.09506167568975243,0.11790893418954956,14.098387202751903,0.16373840203778203,8.38,5.2363,21,251
UofM_train_ISU_test,combined,XGBoost,15,all,0.2973868336364319,0.1007004399502938,0.12213997901621103,14.670739891210378,0.10183434551919036,2.21,4.9382,21,251
UofM_train_ISU_test,combined,GradBoost,15,all,0.35554602803159885,0.09655526341659124,0.11697569965985832,14.003746156535534,0.1599488503215765,53.8,3.6985,21,251
UofM_train_ISU_test,combined,LightGBM,30,top3,0.3654826305022194,0.0926661032362683,0.11560836889069247,13.602360244806707,0.08511360544968018,5.34,5.2441,21,251
UofM_train_ISU_test,combined,XGBoost,30,top3,0.3351536982365374,0.09307728238610496,0.11833906808415044,14.037017602186838,0.030960060168646615,0.98,5.107,21,251
UofM_train_ISU_test,combined,GradBoost,30,top3,0.38099730588098324,0.09223833929818871,0.11418624352359043,13.353622248476487,0.024037377991185025,42.47,3.9422,21,251
UofM_train_ISU_test,combined,LightGBM,30,top5,0.1318677088755401,0.11624260207642306,0.1352260840030511,15.387709872716021,-0.3371899538303661,5.25,5.7453,21,251
UofM_train_ISU_test,combined,XGBoost,30,top5,-0.09952738967494601,0.1316059076153912,0.15218454226588185,16.96283961240224,-0.6732298211102923,1.05,5.0491,21,251
UofM_train_ISU_test,combined,GradBoost,30,top5,0.19980964110017363,0.11065907309372892,0.12982674644257633,14.888428009147288,-0.24416536600239422,39.92,3.5221,21,251
UofM_train_ISU_test,combined,LightGBM,30,top10,0.25633936264804935,0.10646693904873523,0.12515693339462994,15.06872219543064,-0.12423261613232219,5.19,5.21,21,251
UofM_train_ISU_test,combined,XGBoost,30,top10,0.28496275117441716,0.10388924802241148,0.12272466333914055,14.692259754250223,-0.05848291240197567,1.12,4.9395,21,251
UofM_train_ISU_test,combined,GradBoost,30,top10,0.2270932925436917,0.10975641340911677,0.12759423557109795,14.877481423026525,-0.29867142035051497,42.0,3.7423,21,251
UofM_train_ISU_test,combined,LightGBM,30,top20,0.3074296320095544,0.09998507538651907,0.12078123591325529,14.562511056792266,-0.1107986299215977,6.5,5.721,21,251
UofM_train_ISU_test,combined,XGBoost,30,top20,0.25626304636587593,0.10744058026510024,0.12516335518592012,14.690986795928291,-0.27922757646563745,1.47,5.1096,21,251
UofM_train_ISU_test,combined,GradBoost,30,top20,0.3285005567820527,0.09955797533871358,0.11892970583773461,14.297960016478495,-0.1305060851817953,48.31,4.1855,21,251
UofM_train_ISU_test,combined,LightGBM,30,all,0.27587157793254513,0.1019804569223559,0.12350237609638563,14.927221309231431,-0.2522629274770217,8.19,5.206,21,251
UofM_train_ISU_test,combined,XGBoost,30,all,0.2660638235184061,0.10390870757096135,0.1243359347693197,15.06745592087051,-0.20321056842057114,2.21,5.1841,21,251
UofM_train_ISU_test,combined,GradBoost,30,all,0.32785136451025876,0.10143233083375726,0.11898718138359177,14.222661920594037,-0.1512206346663261,54.32,3.5491,21,251
UofM_train_ISU_test,combined,LightGBM,50,top3,0.30632998550410573,0.09467889087187462,0.1205813241392326,14.41686373260861,-54.208688176090334,4.71,5.1097,21,251
UofM_train_ISU_test,combined,XGBoost,50,top3,0.2997578486470994,0.09621618044462737,0.1211511979398098,14.499937559280133,-64.98076780473355,0.91,4.8705,21,251
UofM_train_ISU_test,combined,GradBoost,50,top3,0.3650971785001298,0.09371073776621953,0.11536052304008153,13.791781088484267,-77.30918684701166,36.69,3.2568,21,251
UofM_train_ISU_test,combined,LightGBM,50,top5,0.3002120044162915,0.1022439865823501,0.12111190407582482,14.71491786830876,-55.81768404484726,5.41,5.4265,21,251
UofM_train_ISU_test,combined,XGBoost,50,top5,0.31831752265174096,0.09466112785504949,0.11953488091332388,14.307286706320694,-41.19855395666687,1.02,4.906,21,251
UofM_train_ISU_test,combined,GradBoost,50,top5,0.2847889938971889,0.10448577680619463,0.1224392561348586,14.372695925374469,-36.9313318903303,39.33,3.5103,21,251
UofM_train_ISU_test,combined,LightGBM,50,top10,0.2434337843566089,0.10603285953430026,0.1259293784831412,15.378077082099113,-39.04998950929609,5.68,5.5137,21,251
UofM_train_ISU_test,combined,XGBoost,50,top10,0.24813831720927493,0.10808563087731321,0.12553723649556875,15.172324038732008,-42.23935647281686,1.11,5.005,21,251
UofM_train_ISU_test,combined,GradBoost,50,top10,0.27568538676154464,0.10217453063957754,0.12321602993637452,14.98842139594194,-54.09696202577678,40.51,3.5489,21,251
UofM_train_ISU_test,combined,LightGBM,50,top20,0.23914363992117094,0.1059677639262808,0.12628591799637084,15.438637976855476,-40.98096293354831,6.18,5.2032,21,251
UofM_train_ISU_test,combined,XGBoost,50,top20,0.24885203853311766,0.10347994780409556,0.12547763784987606,15.292266484461695,-57.78364729206442,1.43,5.1555,21,251
UofM_train_ISU_test,combined,GradBoost,50,top20,0.29526897764549487,0.1028549314051303,0.12153889477278144,14.75076984492832,-58.45341194606639,45.14,3.4022,21,251
UofM_train_ISU_test,combined,LightGBM,50,all,0.16252001983815179,0.10192061692335441,0.1324923505399268,15.770978443905129,-55.25384411741351,7.65,5.2268,21,251
UofM_train_ISU_test,combined,XGBoost,50,all,0.24315710047225103,0.107995511002224,0.12595240319920728,15.28750378855675,-64.04835464887321,2.22,5.029,21,251
UofM_train_ISU_test,combined,GradBoost,50,all,0.3060109525472081,0.10202250945931392,0.12060904985418563,14.679081776482535,-57.654576527684966,56.45,3.0085,21,251
UofM_train_ISU_test,combined,Transformer,3,all,-0.014021467783243091,0.12213252935850284,0.1474876256004542,17.329215241706226,-0.1660883250739905,8.3,0.1414,21,251
UofM_train_ISU_test,combined,LSTM_Attn,3,all,-21.933704538775636,0.6829642607158213,0.7014054171911656,84.47694595818184,-32.60885979818545,13.82,0.1342,21,251
UofM_train_ISU_test,combined,TCN,3,all,0.011550287622238198,0.11893461762960424,0.14561606769184268,17.108750371807155,-0.30548454133763964,26.78,0.1028,21,251
UofM_train_ISU_test,combined,PINN,3,all,-14.344450219414268,0.5553382341882916,0.5737301533006396,68.15908567208065,-23.049130756675417,55.35,0.236,21,251
UofM_train_ISU_test,combined,HYBRID,3,all,-23.600061930493453,0.7068761370561663,0.726440601659008,87.49672821226615,-34.74871767757483,8.64,0.1076,21,251
UofM_train_ISU_test,combined,Transformer,5,all,-0.24361488838438272,0.13905140374872146,0.16320122628369885,18.570359232530194,-0.537903211325007,7.99,0.1028,21,251
UofM_train_ISU_test,combined,LSTM_Attn,5,all,-29.968923501062164,0.7977386969463613,0.8144107844511792,99.45023627566648,-44.63578121879984,13.3,0.1082,21,251
UofM_train_ISU_test,combined,TCN,5,all,-0.42127718508835144,0.1532002696796556,0.1744696354594392,19.48717955061998,-1.044194391558502,18.18,0.1134,21,251
UofM_train_ISU_test,combined,PINN,5,all,-13.511817182052436,0.5380661299388767,0.5574954928457332,65.86537045673434,-22.195137140878487,46.15,0.2471,21,251
UofM_train_ISU_test,combined,HYBRID,5,all,-10.621237720374925,0.4768329689913789,0.4988921309761662,57.789136364000996,-16.904299787400507,12.75,0.1094,21,251
UofM_train_ISU_test,combined,Transformer,10,all,-1.638034076111912,0.20285179285633093,0.23723579610275633,24.4126321161375,-2.256099314120205,13.98,0.1111,21,251
UofM_train_ISU_test,combined,LSTM_Attn,10,all,-35.57765867011458,0.8672633182869539,0.8833808299092412,108.61110539178513,-53.27249131825306,13.12,0.1371,21,251
UofM_train_ISU_test,combined,TCN,10,all,-10.374153091430289,0.4699781283076835,0.4926058371390559,57.03395103288385,-17.523358835153594,27.38,0.117,21,251
UofM_train_ISU_test,combined,PINN,10,all,-19.863687424729513,0.6493719210044541,0.6671685302381274,80.28393568428176,-31.2273338177245,11.11,0.2242,21,251
UofM_train_ISU_test,combined,HYBRID,10,all,-8.969678128100607,0.43481181208377107,0.46119074948027927,52.272285212480895,-14.59867747908136,7.83,0.1171,21,251
UofM_train_ISU_test,combined,Transformer,15,all,-1.4425879635369951,0.19761151378051162,0.22786507717906646,24.225031824460586,-2.2394422617496934,10.22,0.1063,21,251
UofM_train_ISU_test,combined,LSTM_Attn,15,all,-12.38203004158237,0.5113042861592642,0.5333516755719813,62.34924265384293,-19.989882432203583,13.15,0.165,21,251
UofM_train_ISU_test,combined,TCN,15,all,-0.1765180832196338,0.1282252157544764,0.1581437259948969,18.49800319172815,-0.6565367540809395,7.84,0.1008,21,251
UofM_train_ISU_test,combined,PINN,15,all,-19.175549791293655,0.6369605410878129,0.6548854667851611,78.88019500983071,-29.906482536727868,10.27,0.1999,21,251
UofM_train_ISU_test,combined,HYBRID,15,all,-5.201286544531858,0.3317932020531385,0.3630726735622955,39.24655310820408,-8.24467115639548,8.41,0.135,21,251
UofM_train_ISU_test,combined,Transformer,30,all,-0.007329417379275505,0.11955798775603911,0.1456366104892891,17.441791817833863,-0.23559786648757894,10.99,0.1125,21,251
UofM_train_ISU_test,combined,LSTM_Attn,30,all,-12.4093270836618,0.5096846536982588,0.5313593125552619,62.39546222548608,-20.784539574841556,15.76,0.1491,21,251
UofM_train_ISU_test,combined,TCN,30,all,-0.07137701448079481,0.12322555121419158,0.1501951699287628,17.88257701400468,-0.5077468853064433,9.49,0.0998,21,251
UofM_train_ISU_test,combined,PINN,30,all,-21.44020070713387,0.6703300926172422,0.6873820274297646,83.41009481426454,-39.365189565261936,33.54,0.2297,21,251
UofM_train_ISU_test,combined,HYBRID,30,all,-18.34146898771395,0.6077194649105729,0.6381599310100575,75.25776565174466,-25.898723963157035,9.47,0.1544,21,251
UofM_train_ISU_test,combined,Transformer,50,all,-1.6649601047570517,0.19387181361043523,0.23568551582095992,23.993184943375116,-45.51272263155576,10.79,0.1368,21,251
UofM_train_ISU_test,combined,LSTM_Attn,50,all,-17.38032031230469,0.5982813340306539,0.6189621257210076,74.39241796878613,-326.94945122051445,21.29,0.1689,21,251
UofM_train_ISU_test,combined,TCN,50,all,0.016268972330617193,0.11354800743711554,0.1431942972414217,17.081480339497286,-6.0062960200896685,10.25,0.1148,21,251
UofM_train_ISU_test,combined,PINN,50,all,-18.86649375545005,0.6237687195642245,0.6434994056859683,77.69531423222259,-791.45382437036,11.6,0.2401,21,251
UofM_train_ISU_test,combined,HYBRID,50,all,-7.790383864964165,0.40141749365770374,0.4280470002729258,48.50832610706752,-307.7557577687083,10.87,0.1695,21,251
